"","Country.Name","Country.Code","Indicator.Name","Indicator.Code","X1960","X1961","X1962","X1963","X1964","X1965","X1966","X1967","X1968","X1969","X1970","X1971","X1972","X1973","X1974","X1975","X1976","X1977","X1978","X1979","X1980","X1981","X1982","X1983","X1984","X1985","X1986","X1987","X1988","X1989","X1990","X1991","X1992","X1993","X1994","X1995","X1996","X1997","X1998","X1999","X2000","X2001","X2002","X2003","X2004","X2005","X2006","X2007","X2008","X2009","X2010","X2011","X2012","X2013","X2014","X2015","X2016","AverageGINI"
"1","Angola","AGO","GINI index (World Bank estimate)","SI.POV.GINI",NA,NA,NA,NA,NA,NA,NA,NA,NA,NA,NA,NA,NA,NA,NA,NA,NA,NA,NA,NA,NA,NA,NA,NA,NA,NA,NA,NA,NA,NA,NA,NA,NA,NA,NA,NA,NA,NA,NA,NA,51.96,NA,NA,NA,NA,NA,NA,NA,42.72,NA,NA,NA,NA,NA,NA,NA,NA,"47.34"
"2","Albania","ALB","GINI index (World Bank estimate)","SI.POV.GINI",NA,NA,NA,NA,NA,NA,NA,NA,NA,NA,NA,NA,NA,NA,NA,NA,NA,NA,NA,NA,NA,NA,NA,NA,NA,NA,NA,NA,NA,NA,NA,NA,NA,NA,NA,NA,27.01,NA,NA,NA,NA,NA,31.74,NA,NA,30.6,NA,NA,29.98,NA,NA,NA,28.96,NA,NA,NA,NA,"30.32"
"3","Argentina","ARG","GINI index (World Bank estimate)","SI.POV.GINI",NA,NA,NA,NA,NA,NA,NA,NA,NA,NA,NA,NA,NA,NA,NA,NA,NA,NA,NA,NA,NA,NA,NA,NA,NA,NA,42.79,45.28,NA,NA,NA,46.76,45.47,44.86,45.92,48.9,49.52,49.11,50.73,49.79,51.06,53.34,53.79,53.54,50.18,49.27,48.26,47.37,46.27,45.27,44.5,43.57,42.49,42.28,42.67,NA,NA,"47.59066667"
"4","Armenia","ARM","GINI index (World Bank estimate)","SI.POV.GINI",NA,NA,NA,NA,NA,NA,NA,NA,NA,NA,NA,NA,NA,NA,NA,NA,NA,NA,NA,NA,NA,NA,NA,NA,NA,NA,NA,NA,NA,NA,NA,NA,NA,NA,NA,NA,44.42,NA,NA,36.22,NA,35.36,34.78,33.03,37.51,35.99,32.49,29.83,30.71,29.58,31.07,31.32,30.48,31.54,31.48,NA,NA,"32.51214286"
"5","Australia","AUS","GINI index (World Bank estimate)","SI.POV.GINI",NA,NA,NA,NA,NA,NA,NA,NA,NA,NA,NA,NA,NA,NA,NA,NA,NA,NA,NA,NA,NA,31.33,NA,NA,NA,32.5,NA,NA,NA,33.15,NA,NA,NA,NA,NA,33.72,NA,NA,NA,NA,NA,34.14,NA,34.01,NA,NA,NA,NA,35.63,NA,34.94,NA,NA,NA,NA,NA,NA,"34.68"
"6","Austria","AUT","GINI index (World Bank estimate)","SI.POV.GINI",NA,NA,NA,NA,NA,NA,NA,NA,NA,NA,NA,NA,NA,NA,NA,NA,NA,NA,NA,NA,NA,NA,NA,NA,NA,NA,NA,NA,NA,NA,NA,NA,NA,NA,NA,NA,NA,NA,NA,NA,NA,NA,NA,NA,29.87,28.72,29.59,30.58,30.45,31.5,30.25,30.8,30.48,NA,NA,NA,NA,"30.24888889"
"7","Azerbaijan","AZE","GINI index (World Bank estimate)","SI.POV.GINI",NA,NA,NA,NA,NA,NA,NA,NA,NA,NA,NA,NA,NA,NA,NA,NA,NA,NA,NA,NA,NA,NA,NA,NA,NA,NA,NA,NA,NA,NA,NA,NA,NA,NA,NA,34.65,NA,NA,NA,NA,NA,36.45,17.36,18.81,16.23,16.64,NA,NA,31.79,NA,NA,NA,NA,NA,NA,NA,NA,"22.88"
"8","Burundi","BDI","GINI index (World Bank estimate)","SI.POV.GINI",NA,NA,NA,NA,NA,NA,NA,NA,NA,NA,NA,NA,NA,NA,NA,NA,NA,NA,NA,NA,NA,NA,NA,NA,NA,NA,NA,NA,NA,NA,NA,NA,33.33,NA,NA,NA,NA,NA,42.35,NA,NA,NA,NA,NA,NA,NA,33.36,NA,NA,NA,NA,NA,NA,NA,NA,NA,NA,"33.36"
"9","Belgium","BEL","GINI index (World Bank estimate)","SI.POV.GINI",NA,NA,NA,NA,NA,NA,NA,NA,NA,NA,NA,NA,NA,NA,NA,NA,NA,NA,NA,NA,NA,NA,NA,NA,NA,NA,NA,NA,NA,NA,NA,NA,NA,NA,NA,NA,NA,NA,NA,NA,NA,NA,NA,NA,30.63,29.88,28.26,29.57,29,28.7,28.53,28.43,27.59,NA,NA,NA,NA,"28.95444444"
"10","Benin","BEN","GINI index (World Bank estimate)","SI.POV.GINI",NA,NA,NA,NA,NA,NA,NA,NA,NA,NA,NA,NA,NA,NA,NA,NA,NA,NA,NA,NA,NA,NA,NA,NA,NA,NA,NA,NA,NA,NA,NA,NA,NA,NA,NA,NA,NA,NA,NA,NA,NA,NA,NA,38.58,NA,NA,NA,NA,NA,NA,NA,43.44,NA,NA,NA,NA,NA,"41.01"
"11","Burkina Faso","BFA","GINI index (World Bank estimate)","SI.POV.GINI",NA,NA,NA,NA,NA,NA,NA,NA,NA,NA,NA,NA,NA,NA,NA,NA,NA,NA,NA,NA,NA,NA,NA,NA,NA,NA,NA,NA,NA,NA,NA,NA,NA,NA,48.07,NA,NA,NA,49.94,NA,NA,NA,NA,43.25,NA,NA,NA,NA,NA,39.76,NA,NA,NA,NA,35.3,NA,NA,"39.43666667"
"12","Bangladesh","BGD","GINI index (World Bank estimate)","SI.POV.GINI",NA,NA,NA,NA,NA,NA,NA,NA,NA,NA,NA,NA,NA,NA,NA,NA,NA,NA,NA,NA,NA,NA,NA,25.88,NA,26.92,NA,NA,28.85,NA,NA,27.57,NA,NA,NA,32.94,NA,NA,NA,NA,33.41,NA,NA,NA,NA,33.2,NA,NA,NA,NA,32.13,NA,NA,NA,NA,NA,NA,"32.91333333"
"13","Bulgaria","BGR","GINI index (World Bank estimate)","SI.POV.GINI",NA,NA,NA,NA,NA,NA,NA,NA,NA,NA,NA,NA,NA,NA,NA,NA,NA,NA,NA,NA,NA,NA,NA,NA,NA,NA,NA,NA,NA,23.43,NA,NA,30.71,NA,24.32,35.4,NA,26.38,NA,NA,NA,32.68,NA,28.92,NA,NA,35.73,28.14,33.57,33.82,35.65,34.28,36.01,NA,NA,NA,NA,"33.2"
"14","Bosnia and Herzegovina","BIH","GINI index (World Bank estimate)","SI.POV.GINI",NA,NA,NA,NA,NA,NA,NA,NA,NA,NA,NA,NA,NA,NA,NA,NA,NA,NA,NA,NA,NA,NA,NA,NA,NA,NA,NA,NA,NA,NA,NA,NA,NA,NA,NA,NA,NA,NA,NA,NA,NA,29.97,NA,NA,34.04,NA,NA,33.06,NA,NA,NA,33.83,NA,NA,NA,NA,NA,"32.725"
"15","Belarus","BLR","GINI index (World Bank estimate)","SI.POV.GINI",NA,NA,NA,NA,NA,NA,NA,NA,NA,NA,NA,NA,NA,NA,NA,NA,NA,NA,NA,NA,NA,NA,NA,NA,NA,NA,NA,NA,22.76,NA,NA,NA,NA,21.6,NA,28.76,NA,NA,32.25,32,31.17,30.58,30.34,28.82,26.48,27.55,28.28,29.61,27.83,27.69,28.57,27.15,26.53,26.58,27.18,NA,NA,"28.29066667"
"16","Bolivia","BOL","GINI index (World Bank estimate)","SI.POV.GINI",NA,NA,NA,NA,NA,NA,NA,NA,NA,NA,NA,NA,NA,NA,NA,NA,NA,NA,NA,NA,NA,NA,NA,NA,NA,NA,NA,NA,NA,NA,42.04,NA,49.11,NA,NA,NA,NA,58.16,NA,58.1,63,58.88,60.16,NA,55.01,58.47,56.87,55.44,51.43,49.65,NA,46.26,46.7,48.06,48.4,NA,NA,"53.71769231"
"17","Brazil","BRA","GINI index (World Bank estimate)","SI.POV.GINI",NA,NA,NA,NA,NA,NA,NA,NA,NA,NA,NA,NA,NA,NA,NA,NA,NA,NA,NA,NA,NA,57.93,58.42,58.99,58.38,55.59,58.46,59.69,61.43,63.3,60.49,NA,53.17,60.12,NA,59.57,59.89,59.8,59.61,58.99,NA,59.33,58.62,58.01,56.88,56.64,55.93,55.23,54.37,53.87,NA,53.09,52.67,52.87,51.48,NA,NA,"55.30692308"
"18","Bhutan","BTN","GINI index (World Bank estimate)","SI.POV.GINI",NA,NA,NA,NA,NA,NA,NA,NA,NA,NA,NA,NA,NA,NA,NA,NA,NA,NA,NA,NA,NA,NA,NA,NA,NA,NA,NA,NA,NA,NA,NA,NA,NA,NA,NA,NA,NA,NA,NA,NA,NA,NA,NA,46.78,NA,NA,NA,38.09,NA,NA,NA,NA,38.81,NA,NA,NA,NA,"41.22666667"
"19","Botswana","BWA","GINI index (World Bank estimate)","SI.POV.GINI",NA,NA,NA,NA,NA,NA,NA,NA,NA,NA,NA,NA,NA,NA,NA,NA,NA,NA,NA,NA,NA,NA,NA,NA,NA,54.21,NA,NA,NA,NA,NA,NA,NA,60.79,NA,NA,NA,NA,NA,NA,NA,NA,64.73,NA,NA,NA,NA,NA,NA,60.46,NA,NA,NA,NA,NA,NA,NA,"62.595"
"20","Central African Republic","CAF","GINI index (World Bank estimate)","SI.POV.GINI",NA,NA,NA,NA,NA,NA,NA,NA,NA,NA,NA,NA,NA,NA,NA,NA,NA,NA,NA,NA,NA,NA,NA,NA,NA,NA,NA,NA,NA,NA,NA,NA,61.33,NA,NA,NA,NA,NA,NA,NA,NA,NA,NA,43.61,NA,NA,NA,NA,56.24,NA,NA,NA,NA,NA,NA,NA,NA,"49.925"
"21","Canada","CAN","GINI index (World Bank estimate)","SI.POV.GINI",NA,NA,NA,NA,NA,NA,NA,NA,NA,NA,NA,NA,NA,NA,NA,NA,NA,NA,NA,NA,NA,32.6,NA,NA,NA,NA,NA,31.6,NA,NA,NA,31.15,NA,NA,31.39,NA,NA,31.77,33.59,NA,33.65,NA,NA,NA,33.88,NA,NA,33.9,NA,NA,33.68,NA,NA,NA,NA,NA,NA,"33.7775"
"22","Switzerland","CHE","GINI index (World Bank estimate)","SI.POV.GINI",NA,NA,NA,NA,NA,NA,NA,NA,NA,NA,NA,NA,NA,NA,NA,NA,NA,NA,NA,NA,NA,NA,NA,NA,NA,NA,NA,NA,NA,NA,NA,NA,NA,NA,NA,NA,NA,NA,NA,NA,NA,NA,NA,NA,NA,NA,NA,34.47,33.96,32.96,32.72,31.83,31.64,NA,NA,NA,NA,"32.93"
"23","Chile","CHL","GINI index (World Bank estimate)","SI.POV.GINI",NA,NA,NA,NA,NA,NA,NA,NA,NA,NA,NA,NA,NA,NA,NA,NA,NA,NA,NA,NA,NA,NA,NA,NA,NA,NA,NA,56.21,NA,NA,57.25,NA,54.81,NA,56.43,NA,54.87,NA,55.52,NA,55.59,NA,NA,54.61,NA,NA,51.79,NA,NA,52,NA,50.84,NA,50.45,NA,NA,NA,"52.54666667"
"24","China","CHN","GINI index (World Bank estimate)","SI.POV.GINI",NA,NA,NA,NA,NA,NA,NA,NA,NA,NA,NA,NA,NA,NA,NA,NA,NA,NA,NA,NA,NA,NA,NA,NA,NA,NA,NA,NA,NA,NA,NA,NA,NA,NA,NA,NA,NA,NA,NA,NA,NA,NA,NA,NA,NA,NA,NA,NA,42.83,NA,NA,NA,42.16,NA,NA,NA,NA,"42.495"
"25","Cote d'Ivoire","CIV","GINI index (World Bank estimate)","SI.POV.GINI",NA,NA,NA,NA,NA,NA,NA,NA,NA,NA,NA,NA,NA,NA,NA,NA,NA,NA,NA,NA,NA,NA,NA,NA,NA,45.53,37.97,40.51,36.89,NA,NA,NA,39.39,NA,NA,40.56,NA,NA,38.96,NA,NA,NA,41.34,NA,NA,NA,NA,NA,43.18,NA,NA,NA,NA,NA,NA,NA,NA,"42.26"
"26","Cameroon","CMR","GINI index (World Bank estimate)","SI.POV.GINI",NA,NA,NA,NA,NA,NA,NA,NA,NA,NA,NA,NA,NA,NA,NA,NA,NA,NA,NA,NA,NA,NA,NA,NA,NA,NA,NA,NA,NA,NA,NA,NA,NA,NA,NA,NA,44.45,NA,NA,NA,NA,42.14,NA,NA,NA,NA,NA,42.82,NA,NA,NA,NA,NA,NA,46.54,NA,NA,"43.83333333"
"27","Congo, Rep.","COG","GINI index (World Bank estimate)","SI.POV.GINI",NA,NA,NA,NA,NA,NA,NA,NA,NA,NA,NA,NA,NA,NA,NA,NA,NA,NA,NA,NA,NA,NA,NA,NA,NA,NA,NA,NA,NA,NA,NA,NA,NA,NA,NA,NA,NA,NA,NA,NA,NA,NA,NA,NA,NA,47.33,NA,NA,NA,NA,NA,48.94,NA,NA,NA,NA,NA,"48.135"
"28","Colombia","COL","GINI index (World Bank estimate)","SI.POV.GINI",NA,NA,NA,NA,NA,NA,NA,NA,NA,NA,NA,NA,NA,NA,NA,NA,NA,NA,NA,NA,NA,NA,NA,NA,NA,NA,NA,NA,53.11,53.59,NA,51.32,51.45,NA,NA,NA,56.93,NA,NA,58.74,58.68,57.76,58.25,54.41,56.11,55.04,NA,NA,56.04,55.92,55.5,54.18,53.54,53.49,53.5,NA,NA,"55.57076923"
"29","Comoros","COM","GINI index (World Bank estimate)","SI.POV.GINI",NA,NA,NA,NA,NA,NA,NA,NA,NA,NA,NA,NA,NA,NA,NA,NA,NA,NA,NA,NA,NA,NA,NA,NA,NA,NA,NA,NA,NA,NA,NA,NA,NA,NA,NA,NA,NA,NA,NA,NA,NA,NA,NA,NA,55.93,NA,NA,NA,NA,NA,NA,NA,NA,NA,NA,NA,NA,"55.93"
"30","Cabo Verde","CPV","GINI index (World Bank estimate)","SI.POV.GINI",NA,NA,NA,NA,NA,NA,NA,NA,NA,NA,NA,NA,NA,NA,NA,NA,NA,NA,NA,NA,NA,NA,NA,NA,NA,NA,NA,NA,NA,NA,NA,NA,NA,NA,NA,NA,NA,NA,NA,NA,NA,52.5,NA,NA,NA,NA,NA,47.19,NA,NA,NA,NA,NA,NA,NA,NA,NA,"49.845"
"31","Costa Rica","CRI","GINI index (World Bank estimate)","SI.POV.GINI",NA,NA,NA,NA,NA,NA,NA,NA,NA,NA,NA,NA,NA,NA,NA,NA,NA,NA,NA,NA,NA,47.49,NA,NA,NA,NA,34.42,NA,NA,46.69,45.3,46.65,45.71,46,46.75,45.71,46.54,45.62,45.67,47.67,47.44,51.1,50.89,49.93,48.92,47.77,49.31,49.49,49.14,50.97,48.1,48.6,48.61,49.18,48.53,NA,NA,"49.19866667"
"32","Cyprus","CYP","GINI index (World Bank estimate)","SI.POV.GINI",NA,NA,NA,NA,NA,NA,NA,NA,NA,NA,NA,NA,NA,NA,NA,NA,NA,NA,NA,NA,NA,NA,NA,NA,NA,NA,NA,NA,NA,NA,NA,NA,NA,NA,NA,NA,NA,NA,NA,NA,NA,NA,NA,NA,30.09,30.26,31.13,31.11,31.71,32.11,31.46,32.63,34.31,NA,NA,NA,NA,"31.64555556"
"33","Czech Republic","CZE","GINI index (World Bank estimate)","SI.POV.GINI",NA,NA,NA,NA,NA,NA,NA,NA,NA,NA,NA,NA,NA,NA,NA,NA,NA,NA,NA,NA,NA,NA,NA,NA,NA,NA,NA,NA,19.4,NA,NA,NA,NA,26.6,NA,NA,25.82,NA,NA,NA,NA,NA,NA,NA,27.53,26.95,26.74,26,26.29,26.18,26.63,26.39,26.13,NA,NA,NA,NA,"26.53777778"
"34","Germany","DEU","GINI index (World Bank estimate)","SI.POV.GINI",NA,NA,NA,NA,NA,NA,NA,NA,NA,NA,NA,NA,NA,NA,NA,NA,NA,NA,NA,NA,NA,NA,NA,NA,NA,NA,NA,NA,NA,NA,NA,NA,NA,NA,NA,NA,NA,NA,NA,NA,NA,NA,NA,NA,NA,NA,32.78,32.4,31.29,31.51,31.14,30.13,NA,NA,NA,NA,NA,"31.54166667"
"35","Djibouti","DJI","GINI index (World Bank estimate)","SI.POV.GINI",NA,NA,NA,NA,NA,NA,NA,NA,NA,NA,NA,NA,NA,NA,NA,NA,NA,NA,NA,NA,NA,NA,NA,NA,NA,NA,NA,NA,NA,NA,NA,NA,NA,NA,NA,NA,NA,NA,NA,NA,NA,NA,40,NA,NA,NA,NA,NA,NA,NA,NA,NA,45.13,44.13,NA,NA,NA,"43.08666667"
"36","Denmark","DNK","GINI index (World Bank estimate)","SI.POV.GINI",NA,NA,NA,NA,NA,NA,NA,NA,NA,NA,NA,NA,NA,NA,NA,NA,NA,NA,NA,NA,NA,NA,NA,NA,NA,NA,NA,NA,NA,NA,NA,NA,NA,NA,NA,NA,NA,NA,NA,NA,NA,NA,NA,NA,25.89,25.94,27.08,26.85,28.89,28.84,29.02,29.54,29.08,NA,NA,NA,NA,"27.90333333"
"37","Dominican Republic","DOM","GINI index (World Bank estimate)","SI.POV.GINI",NA,NA,NA,NA,NA,NA,NA,NA,NA,NA,NA,NA,NA,NA,NA,NA,NA,NA,NA,NA,NA,NA,NA,NA,NA,NA,47.78,NA,NA,50.46,NA,NA,51.36,NA,NA,NA,47.43,48.92,NA,NA,52.01,50.43,50.12,52.09,51.95,49.96,51.9,48.69,49,48.86,47.2,47.4,45.68,47.07,NA,NA,NA,"49.45428571"
"38","Ecuador","ECU","GINI index (World Bank estimate)","SI.POV.GINI",NA,NA,NA,NA,NA,NA,NA,NA,NA,NA,NA,NA,NA,NA,NA,NA,NA,NA,NA,NA,NA,NA,NA,NA,NA,NA,NA,50.49,NA,NA,NA,NA,NA,NA,53.37,50.97,NA,NA,49.66,58.6,56.38,NA,NA,54.99,54.12,54.12,53.2,54.33,50.61,49.28,49.25,46.21,46.57,47.29,45.38,NA,NA,"50.90230769"
"39","Spain","ESP","GINI index (World Bank estimate)","SI.POV.GINI",NA,NA,NA,NA,NA,NA,NA,NA,NA,NA,NA,NA,NA,NA,NA,NA,NA,NA,NA,NA,NA,NA,NA,NA,NA,NA,NA,NA,NA,NA,NA,NA,NA,NA,NA,NA,NA,NA,NA,NA,NA,NA,NA,NA,33.38,32.5,32.67,33.86,34.8,35.39,35.79,36.1,35.89,NA,NA,NA,NA,"34.48666667"
"40","Estonia","EST","GINI index (World Bank estimate)","SI.POV.GINI",NA,NA,NA,NA,NA,NA,NA,NA,NA,NA,NA,NA,NA,NA,NA,NA,NA,NA,NA,NA,NA,NA,NA,NA,NA,NA,NA,NA,22.97,NA,NA,NA,NA,39.5,NA,30.06,NA,NA,37.64,NA,35.78,36.01,35.79,34.91,33.96,33.63,33.75,31.25,32,31.59,32.16,32.69,33.15,NA,NA,NA,NA,"33.59"
"41","Ethiopia","ETH","GINI index (World Bank estimate)","SI.POV.GINI",NA,NA,NA,NA,NA,NA,NA,NA,NA,NA,NA,NA,NA,NA,NA,NA,NA,NA,NA,NA,NA,32.42,NA,NA,NA,NA,NA,NA,NA,NA,NA,NA,NA,NA,NA,44.56,NA,NA,NA,29.98,NA,NA,NA,NA,29.81,NA,NA,NA,NA,NA,33.17,NA,NA,NA,NA,NA,NA,"31.49"
"42","Finland","FIN","GINI index (World Bank estimate)","SI.POV.GINI",NA,NA,NA,NA,NA,NA,NA,NA,NA,NA,NA,NA,NA,NA,NA,NA,NA,NA,NA,NA,NA,NA,NA,NA,NA,NA,NA,NA,NA,NA,NA,NA,NA,NA,NA,NA,NA,NA,NA,NA,NA,NA,NA,NA,27.92,27.64,28.02,28.29,27.85,27.47,27.74,27.66,27.12,NA,NA,NA,NA,"27.74555556"
"43","Fiji","FJI","GINI index (World Bank estimate)","SI.POV.GINI",NA,NA,NA,NA,NA,NA,NA,NA,NA,NA,NA,NA,NA,NA,NA,NA,NA,NA,NA,NA,NA,NA,NA,NA,NA,NA,NA,NA,NA,NA,NA,NA,NA,NA,NA,NA,NA,NA,NA,NA,NA,NA,39.62,NA,NA,NA,NA,NA,42.78,NA,NA,NA,NA,NA,NA,NA,NA,"41.2"
"44","France","FRA","GINI index (World Bank estimate)","SI.POV.GINI",NA,NA,NA,NA,NA,NA,NA,NA,NA,NA,NA,NA,NA,NA,NA,NA,NA,NA,NA,NA,NA,NA,NA,NA,NA,NA,NA,NA,NA,NA,NA,NA,NA,NA,NA,NA,NA,NA,NA,NA,NA,NA,NA,NA,30.8,29.93,29.92,32.63,33.08,NA,33.78,33.35,33.1,NA,NA,NA,NA,"32.07375"
"45","Micronesia, Fed. Sts.","FSM","GINI index (World Bank estimate)","SI.POV.GINI",NA,NA,NA,NA,NA,NA,NA,NA,NA,NA,NA,NA,NA,NA,NA,NA,NA,NA,NA,NA,NA,NA,NA,NA,NA,NA,NA,NA,NA,NA,NA,NA,NA,NA,NA,NA,NA,NA,NA,NA,63.26,NA,NA,NA,NA,43.1,NA,NA,NA,NA,NA,NA,NA,42.46,NA,NA,NA,"49.60666667"
"46","Gabon","GAB","GINI index (World Bank estimate)","SI.POV.GINI",NA,NA,NA,NA,NA,NA,NA,NA,NA,NA,NA,NA,NA,NA,NA,NA,NA,NA,NA,NA,NA,NA,NA,NA,NA,NA,NA,NA,NA,NA,NA,NA,NA,NA,NA,NA,NA,NA,NA,NA,NA,NA,NA,NA,NA,42.18,NA,NA,NA,NA,NA,NA,NA,NA,NA,NA,NA,"42.18"
"47","United Kingdom","GBR","GINI index (World Bank estimate)","SI.POV.GINI",NA,NA,NA,NA,NA,NA,NA,NA,NA,NA,NA,NA,NA,NA,NA,NA,NA,NA,NA,NA,NA,NA,NA,NA,NA,NA,NA,NA,NA,NA,NA,NA,NA,NA,NA,NA,NA,NA,NA,NA,NA,NA,NA,NA,36.22,34.56,34.84,35.93,34.37,34.67,34.81,33.71,32.57,NA,NA,NA,NA,"34.63111111"
"48","Georgia","GEO","GINI index (World Bank estimate)","SI.POV.GINI",NA,NA,NA,NA,NA,NA,NA,NA,NA,NA,NA,NA,NA,NA,NA,NA,NA,NA,NA,NA,NA,NA,NA,NA,NA,NA,NA,NA,NA,NA,NA,NA,NA,NA,NA,NA,37.13,41.95,41.25,40.15,40.48,39.57,39.63,39.53,39.78,40.34,39.71,40.6,40.57,41.74,42.13,41.58,41.35,40.03,40.09,NA,NA,"40.47533333"
"49","Ghana","GHA","GINI index (World Bank estimate)","SI.POV.GINI",NA,NA,NA,NA,NA,NA,NA,NA,NA,NA,NA,NA,NA,NA,NA,NA,NA,NA,NA,NA,NA,NA,NA,NA,NA,NA,NA,35.35,35.99,NA,NA,38.44,NA,NA,NA,NA,NA,NA,40.07,NA,NA,NA,NA,NA,NA,42.77,NA,NA,NA,NA,NA,NA,NA,NA,NA,NA,NA,"42.77"
"50","Guinea","GIN","GINI index (World Bank estimate)","SI.POV.GINI",NA,NA,NA,NA,NA,NA,NA,NA,NA,NA,NA,NA,NA,NA,NA,NA,NA,NA,NA,NA,NA,NA,NA,NA,NA,NA,NA,NA,NA,NA,NA,46.84,NA,NA,46.08,NA,NA,NA,NA,NA,NA,NA,43,NA,NA,NA,NA,39.36,NA,NA,NA,NA,33.73,NA,NA,NA,NA,"38.69666667"
"51","Gambia, The","GMB","GINI index (World Bank estimate)","SI.POV.GINI",NA,NA,NA,NA,NA,NA,NA,NA,NA,NA,NA,NA,NA,NA,NA,NA,NA,NA,NA,NA,NA,NA,NA,NA,NA,NA,NA,NA,NA,NA,NA,NA,NA,NA,NA,NA,NA,NA,48.52,NA,NA,NA,NA,47.33,NA,NA,NA,NA,NA,NA,NA,NA,NA,NA,NA,NA,NA,"47.33"
"52","Guinea-Bissau","GNB","GINI index (World Bank estimate)","SI.POV.GINI",NA,NA,NA,NA,NA,NA,NA,NA,NA,NA,NA,NA,NA,NA,NA,NA,NA,NA,NA,NA,NA,NA,NA,NA,NA,NA,NA,NA,NA,NA,NA,NA,NA,43.61,NA,NA,NA,NA,NA,NA,NA,NA,35.57,NA,NA,NA,NA,NA,NA,NA,50.66,NA,NA,NA,NA,NA,NA,"43.115"
"53","Greece","GRC","GINI index (World Bank estimate)","SI.POV.GINI",NA,NA,NA,NA,NA,NA,NA,NA,NA,NA,NA,NA,NA,NA,NA,NA,NA,NA,NA,NA,NA,NA,NA,NA,NA,NA,NA,NA,NA,NA,NA,NA,NA,NA,NA,NA,NA,NA,NA,NA,NA,NA,NA,NA,33.97,35.1,35.41,34.61,34.22,33.82,34.48,35.69,36.68,NA,NA,NA,NA,"34.88666667"
"54","Guatemala","GTM","GINI index (World Bank estimate)","SI.POV.GINI",NA,NA,NA,NA,NA,NA,NA,NA,NA,NA,NA,NA,NA,NA,NA,NA,NA,NA,NA,NA,NA,NA,NA,NA,NA,NA,58.26,NA,NA,59.6,NA,NA,NA,NA,NA,NA,NA,NA,NA,NA,54.84,NA,NA,NA,NA,NA,54.89,NA,NA,NA,NA,52.35,NA,NA,48.66,NA,NA,"52.685"
"55","Honduras","HND","GINI index (World Bank estimate)","SI.POV.GINI",NA,NA,NA,NA,NA,NA,NA,NA,NA,NA,NA,NA,NA,NA,NA,NA,NA,NA,NA,NA,NA,NA,NA,NA,NA,NA,55.09,NA,NA,59.49,57.36,51.85,51.83,53.47,55.01,55.49,55.72,52.73,57.43,55.35,NA,54.08,58.78,58.66,58.41,59.51,57.42,56.16,55.74,51.56,53.39,57.4,57.4,53.67,50.64,NA,NA,"55.91571429"
"56","Croatia","HRV","GINI index (World Bank estimate)","SI.POV.GINI",NA,NA,NA,NA,NA,NA,NA,NA,NA,NA,NA,NA,NA,NA,NA,NA,NA,NA,NA,NA,NA,NA,NA,NA,NA,NA,NA,NA,22.78,NA,NA,NA,NA,NA,NA,NA,NA,NA,28.75,27.71,31.33,31.1,NA,NA,29.68,NA,NA,NA,33.71,33.18,27.35,32.32,32.51,NA,NA,NA,NA,"31.3975"
"57","Haiti","HTI","GINI index (World Bank estimate)","SI.POV.GINI",NA,NA,NA,NA,NA,NA,NA,NA,NA,NA,NA,NA,NA,NA,NA,NA,NA,NA,NA,NA,NA,NA,NA,NA,NA,NA,NA,NA,NA,NA,NA,NA,NA,NA,NA,NA,NA,NA,NA,NA,NA,59.48,NA,NA,NA,NA,NA,NA,NA,NA,NA,NA,60.79,NA,NA,NA,NA,"60.135"
"58","Hungary","HUN","GINI index (World Bank estimate)","SI.POV.GINI",NA,NA,NA,NA,NA,NA,NA,NA,NA,NA,NA,NA,NA,NA,NA,NA,NA,NA,NA,NA,NA,NA,NA,NA,NA,NA,NA,20.96,NA,25.05,NA,NA,NA,27.94,NA,NA,NA,NA,26.38,27.64,27.22,26.92,26.84,30.93,30.02,29.98,NA,27.94,27.53,26.97,29.37,28.94,30.55,NA,NA,NA,NA,"28.60083333"
"59","Indonesia","IDN","GINI index (World Bank estimate)","SI.POV.GINI",NA,NA,NA,NA,NA,NA,NA,NA,NA,NA,NA,NA,NA,NA,NA,NA,NA,NA,NA,NA,NA,NA,NA,NA,NA,NA,NA,NA,NA,NA,NA,NA,NA,NA,NA,NA,NA,NA,NA,NA,NA,NA,NA,NA,NA,NA,NA,NA,NA,NA,NA,NA,NA,39.47,NA,NA,NA,"39.47"
"60","India","IND","GINI index (World Bank estimate)","SI.POV.GINI",NA,NA,NA,NA,NA,NA,NA,NA,NA,NA,NA,NA,NA,NA,NA,NA,NA,NA,NA,NA,NA,NA,NA,NA,NA,NA,NA,NA,NA,NA,NA,NA,NA,NA,NA,NA,NA,NA,NA,NA,NA,NA,NA,NA,NA,NA,NA,NA,NA,NA,NA,35.15,NA,NA,NA,NA,NA,"35.15"
"61","Ireland","IRL","GINI index (World Bank estimate)","SI.POV.GINI",NA,NA,NA,NA,NA,NA,NA,NA,NA,NA,NA,NA,NA,NA,NA,NA,NA,NA,NA,NA,NA,NA,NA,NA,NA,NA,NA,NA,NA,NA,NA,NA,NA,NA,NA,NA,NA,NA,NA,NA,NA,NA,NA,NA,33.72,33.76,32.73,31.96,30.91,32.84,32.3,32.33,32.52,NA,NA,NA,NA,"32.56333333"
"62","Iran, Islamic Rep.","IRN","GINI index (World Bank estimate)","SI.POV.GINI",NA,NA,NA,NA,NA,NA,NA,NA,NA,NA,NA,NA,NA,NA,NA,NA,NA,NA,NA,NA,NA,NA,NA,NA,NA,NA,47.42,NA,NA,NA,43.6,NA,NA,NA,43,NA,NA,NA,44.1,NA,NA,NA,NA,NA,NA,38.35,NA,NA,NA,42.02,NA,NA,NA,37.35,NA,NA,NA,"39.24"
"63","Iceland","ISL","GINI index (World Bank estimate)","SI.POV.GINI",NA,NA,NA,NA,NA,NA,NA,NA,NA,NA,NA,NA,NA,NA,NA,NA,NA,NA,NA,NA,NA,NA,NA,NA,NA,NA,NA,NA,NA,NA,NA,NA,NA,NA,NA,NA,NA,NA,NA,NA,NA,NA,NA,NA,28.11,29.38,30.25,29.58,31.89,28.74,26.43,27.03,26.94,NA,NA,NA,NA,"28.70555556"
"64","Israel","ISR","GINI index (World Bank estimate)","SI.POV.GINI",NA,NA,NA,NA,NA,NA,NA,NA,NA,NA,NA,NA,NA,NA,NA,NA,NA,NA,NA,NA,NA,NA,NA,NA,NA,NA,36.49,NA,NA,NA,NA,NA,35.5,NA,NA,NA,NA,38.1,NA,NA,NA,39.2,NA,NA,NA,41.86,NA,41.18,NA,NA,42.78,NA,NA,NA,NA,NA,NA,"41.255"
"65","Italy","ITA","GINI index (World Bank estimate)","SI.POV.GINI",NA,NA,NA,NA,NA,NA,NA,NA,NA,NA,NA,NA,NA,NA,NA,NA,NA,NA,NA,NA,NA,NA,NA,NA,NA,NA,NA,NA,NA,NA,NA,NA,NA,NA,NA,NA,NA,NA,NA,NA,NA,NA,NA,NA,34.53,34.07,34.26,33.19,33.74,33.66,34.41,34.52,35.16,NA,NA,NA,NA,"34.17111111"
"66","Jamaica","JAM","GINI index (World Bank estimate)","SI.POV.GINI",NA,NA,NA,NA,NA,NA,NA,NA,NA,NA,NA,NA,NA,NA,NA,NA,NA,NA,NA,NA,NA,NA,NA,NA,NA,NA,NA,NA,43.16,NA,41.11,NA,NA,35.67,NA,NA,40.39,NA,NA,44.08,NA,NA,48.32,NA,45.46,NA,NA,NA,NA,NA,NA,NA,NA,NA,NA,NA,NA,"46.89"
"67","Japan","JPN","GINI index (World Bank estimate)","SI.POV.GINI",NA,NA,NA,NA,NA,NA,NA,NA,NA,NA,NA,NA,NA,NA,NA,NA,NA,NA,NA,NA,NA,NA,NA,NA,NA,NA,NA,NA,NA,NA,NA,NA,NA,NA,NA,NA,NA,NA,NA,NA,NA,NA,NA,NA,NA,NA,NA,NA,32.11,NA,NA,NA,NA,NA,NA,NA,NA,"32.11"
"68","Kazakhstan","KAZ","GINI index (World Bank estimate)","SI.POV.GINI",NA,NA,NA,NA,NA,NA,NA,NA,NA,NA,NA,NA,NA,NA,NA,NA,NA,NA,NA,NA,NA,NA,NA,NA,NA,NA,NA,NA,25.74,NA,NA,NA,NA,32.67,NA,NA,35.38,NA,NA,NA,NA,35.39,34.05,32.99,31.42,29.65,29.98,28.54,29.07,28.79,28.56,27.42,27.46,26.33,NA,NA,NA,"29.97307692"
"69","Kenya","KEN","GINI index (World Bank estimate)","SI.POV.GINI",NA,NA,NA,NA,NA,NA,NA,NA,NA,NA,NA,NA,NA,NA,NA,NA,NA,NA,NA,NA,NA,NA,NA,NA,NA,NA,NA,NA,NA,NA,NA,NA,57.46,NA,43.86,NA,NA,46.3,NA,NA,NA,NA,NA,NA,NA,48.51,NA,NA,NA,NA,NA,NA,NA,NA,NA,NA,NA,"48.51"
"70","Kyrgyz Republic","KGZ","GINI index (World Bank estimate)","SI.POV.GINI",NA,NA,NA,NA,NA,NA,NA,NA,NA,NA,NA,NA,NA,NA,NA,NA,NA,NA,NA,NA,NA,NA,NA,NA,NA,NA,NA,NA,26.01,NA,NA,NA,NA,53.7,NA,NA,NA,NA,46.4,NA,31.04,30.16,30.3,28.71,34.77,32.56,37.38,33.91,31.45,29.87,30.13,27.84,27.36,28.82,26.82,NA,NA,"30.74133333"
"71","Cambodia","KHM","GINI index (World Bank estimate)","SI.POV.GINI",NA,NA,NA,NA,NA,NA,NA,NA,NA,NA,NA,NA,NA,NA,NA,NA,NA,NA,NA,NA,NA,NA,NA,NA,NA,NA,NA,NA,NA,NA,NA,NA,NA,NA,38.15,NA,NA,NA,NA,NA,NA,NA,NA,NA,35.46,NA,NA,41.14,35.1,34.65,33.44,31.7,30.76,NA,NA,NA,NA,"34.60714286"
"72","Kiribati","KIR","GINI index (World Bank estimate)","SI.POV.GINI",NA,NA,NA,NA,NA,NA,NA,NA,NA,NA,NA,NA,NA,NA,NA,NA,NA,NA,NA,NA,NA,NA,NA,NA,NA,NA,NA,NA,NA,NA,NA,NA,NA,NA,NA,NA,NA,NA,NA,NA,NA,NA,NA,NA,NA,NA,37.61,NA,NA,NA,NA,NA,NA,NA,NA,NA,NA,"37.61"
"73","Kosovo","KSV","GINI index (World Bank estimate)","SI.POV.GINI",NA,NA,NA,NA,NA,NA,NA,NA,NA,NA,NA,NA,NA,NA,NA,NA,NA,NA,NA,NA,NA,NA,NA,NA,NA,NA,NA,NA,NA,NA,NA,NA,NA,NA,NA,NA,NA,NA,NA,NA,NA,NA,NA,28.95,NA,31.24,30.32,NA,NA,31.78,33.25,27.83,29.4,26.71,NA,NA,NA,"29.935"
"74","Lao PDR","LAO","GINI index (World Bank estimate)","SI.POV.GINI",NA,NA,NA,NA,NA,NA,NA,NA,NA,NA,NA,NA,NA,NA,NA,NA,NA,NA,NA,NA,NA,NA,NA,NA,NA,NA,NA,NA,NA,NA,NA,NA,34.31,NA,NA,NA,NA,34.9,NA,NA,NA,NA,34.66,NA,NA,NA,NA,36.64,NA,NA,NA,NA,37.89,NA,NA,NA,NA,"36.39666667"
"75","Liberia","LBR","GINI index (World Bank estimate)","SI.POV.GINI",NA,NA,NA,NA,NA,NA,NA,NA,NA,NA,NA,NA,NA,NA,NA,NA,NA,NA,NA,NA,NA,NA,NA,NA,NA,NA,NA,NA,NA,NA,NA,NA,NA,NA,NA,NA,NA,NA,NA,NA,NA,NA,NA,NA,NA,NA,NA,36.48,NA,NA,NA,NA,NA,NA,NA,NA,NA,"36.48"
"76","Sri Lanka","LKA","GINI index (World Bank estimate)","SI.POV.GINI",NA,NA,NA,NA,NA,NA,NA,NA,NA,NA,NA,NA,NA,NA,NA,NA,NA,NA,NA,NA,NA,NA,NA,NA,NA,32.47,NA,NA,NA,NA,32.45,NA,NA,NA,NA,35.4,NA,NA,NA,NA,NA,NA,40.96,NA,NA,NA,40.25,NA,NA,36.39,NA,NA,39.16,NA,NA,NA,NA,"39.19"
"77","Lesotho","LSO","GINI index (World Bank estimate)","SI.POV.GINI",NA,NA,NA,NA,NA,NA,NA,NA,NA,NA,NA,NA,NA,NA,NA,NA,NA,NA,NA,NA,NA,NA,NA,NA,NA,NA,56.02,NA,NA,NA,NA,NA,NA,NA,63.24,NA,NA,NA,NA,NA,NA,NA,51.57,NA,NA,NA,NA,NA,NA,NA,54.18,NA,NA,NA,NA,NA,NA,"52.875"
"78","Lithuania","LTU","GINI index (World Bank estimate)","SI.POV.GINI",NA,NA,NA,NA,NA,NA,NA,NA,NA,NA,NA,NA,NA,NA,NA,NA,NA,NA,NA,NA,NA,NA,NA,NA,NA,NA,NA,NA,22.48,NA,NA,NA,NA,33.64,NA,NA,32.26,NA,32.1,32.02,31.67,32.01,31.92,35.46,35.2,35.3,34.44,34.59,35.77,37.38,33.76,32.63,35.15,NA,NA,NA,NA,"34.25230769"
"79","Luxembourg","LUX","GINI index (World Bank estimate)","SI.POV.GINI",NA,NA,NA,NA,NA,NA,NA,NA,NA,NA,NA,NA,NA,NA,NA,NA,NA,NA,NA,NA,NA,NA,NA,NA,NA,NA,NA,NA,NA,NA,NA,NA,NA,NA,NA,NA,NA,NA,NA,NA,NA,NA,NA,NA,30.25,31.11,30.96,31.28,32.61,31.53,30.9,32.42,34.79,NA,NA,NA,NA,"31.76111111"
"80","Latvia","LVA","GINI index (World Bank estimate)","SI.POV.GINI",NA,NA,NA,NA,NA,NA,NA,NA,NA,NA,NA,NA,NA,NA,NA,NA,NA,NA,NA,NA,NA,NA,NA,NA,NA,NA,NA,NA,22.49,NA,NA,NA,NA,26.99,NA,30.98,31.64,33.26,33.26,NA,NA,NA,35.09,36.53,36.77,39.4,35.6,36.05,37.41,34.83,35.27,36.03,35.48,NA,NA,NA,NA,"36.22363636"
"81","Morocco","MAR","GINI index (World Bank estimate)","SI.POV.GINI",NA,NA,NA,NA,NA,NA,NA,NA,NA,NA,NA,NA,NA,NA,NA,NA,NA,NA,NA,NA,NA,NA,NA,NA,39.19,NA,NA,NA,NA,NA,39.2,NA,NA,NA,NA,NA,NA,NA,39.46,NA,40.64,NA,NA,NA,NA,NA,40.72,NA,NA,NA,NA,NA,NA,NA,NA,NA,NA,"40.68"
"82","Moldova","MDA","GINI index (World Bank estimate)","SI.POV.GINI",NA,NA,NA,NA,NA,NA,NA,NA,NA,NA,NA,NA,NA,NA,NA,NA,NA,NA,NA,NA,NA,NA,NA,NA,NA,NA,NA,NA,24.14,NA,NA,NA,34.32,NA,NA,NA,NA,36.94,39.52,42.62,36.43,37.99,35.85,34.9,35.03,36.28,35.4,34.42,34.69,32.91,32.05,30.63,29.16,28.53,26.83,NA,NA,"33.40666667"
"83","Madagascar","MDG","GINI index (World Bank estimate)","SI.POV.GINI",NA,NA,NA,NA,NA,NA,NA,NA,NA,NA,NA,NA,NA,NA,NA,NA,NA,NA,NA,NA,NA,NA,NA,NA,NA,NA,NA,NA,NA,NA,NA,NA,NA,45.26,NA,NA,NA,39.47,NA,38.61,NA,47.44,NA,NA,NA,38.88,NA,NA,NA,NA,40.63,NA,42.65,NA,NA,NA,NA,"42.4"
"84","Maldives","MDV","GINI index (World Bank estimate)","SI.POV.GINI",NA,NA,NA,NA,NA,NA,NA,NA,NA,NA,NA,NA,NA,NA,NA,NA,NA,NA,NA,NA,NA,NA,NA,NA,NA,NA,NA,NA,NA,NA,NA,NA,NA,NA,NA,NA,NA,NA,NA,NA,NA,NA,41.31,NA,NA,NA,NA,NA,NA,38.37,NA,NA,NA,NA,NA,NA,NA,"39.84"
"85","Mexico","MEX","GINI index (World Bank estimate)","SI.POV.GINI",NA,NA,NA,NA,NA,NA,NA,NA,NA,NA,NA,NA,NA,NA,NA,NA,NA,NA,NA,NA,NA,NA,NA,NA,48.95,NA,NA,NA,NA,54.34,NA,NA,50.95,NA,54.3,NA,48.47,NA,48.97,NA,51.67,NA,49.54,NA,46.03,NA,48.01,NA,48.23,NA,48.13,NA,48.07,NA,48.21,NA,NA,"48.48625"
"86","Macedonia, FYR","MKD","GINI index (World Bank estimate)","SI.POV.GINI",NA,NA,NA,NA,NA,NA,NA,NA,NA,NA,NA,NA,NA,NA,NA,NA,NA,NA,NA,NA,NA,NA,NA,NA,NA,NA,NA,NA,NA,NA,NA,NA,NA,NA,NA,NA,NA,NA,28.13,NA,34.26,NA,38.51,38.72,38.77,39.31,42.64,NA,44.05,NA,NA,NA,NA,NA,NA,NA,NA,"39.46571429"
"87","Mali","MLI","GINI index (World Bank estimate)","SI.POV.GINI",NA,NA,NA,NA,NA,NA,NA,NA,NA,NA,NA,NA,NA,NA,NA,NA,NA,NA,NA,NA,NA,NA,NA,NA,NA,NA,NA,NA,NA,NA,NA,NA,NA,NA,50.44,NA,NA,NA,NA,NA,NA,39.87,NA,NA,NA,NA,38.93,NA,NA,33.04,NA,NA,NA,NA,NA,NA,NA,"37.28"
"88","Montenegro","MNE","GINI index (World Bank estimate)","SI.POV.GINI",NA,NA,NA,NA,NA,NA,NA,NA,NA,NA,NA,NA,NA,NA,NA,NA,NA,NA,NA,NA,NA,NA,NA,NA,NA,NA,NA,NA,NA,NA,NA,NA,NA,NA,NA,NA,NA,NA,NA,NA,NA,NA,NA,NA,NA,30.22,30.04,31.45,30.49,31.01,28.89,30.82,32.18,32.33,31.93,NA,NA,"30.936"
"89","Mongolia","MNG","GINI index (World Bank estimate)","SI.POV.GINI",NA,NA,NA,NA,NA,NA,NA,NA,NA,NA,NA,NA,NA,NA,NA,NA,NA,NA,NA,NA,NA,NA,NA,NA,NA,NA,NA,NA,NA,NA,NA,NA,NA,NA,NA,33.2,NA,NA,30.27,NA,NA,NA,32.89,NA,NA,NA,NA,35.82,NA,NA,33.08,33.88,33.75,NA,32.04,NA,NA,"33.57666667"
"90","Mozambique","MOZ","GINI index (World Bank estimate)","SI.POV.GINI",NA,NA,NA,NA,NA,NA,NA,NA,NA,NA,NA,NA,NA,NA,NA,NA,NA,NA,NA,NA,NA,NA,NA,NA,NA,NA,NA,NA,NA,NA,NA,NA,NA,NA,NA,NA,44.41,NA,NA,NA,NA,NA,47.04,NA,NA,NA,NA,NA,45.58,NA,NA,NA,NA,NA,NA,NA,NA,"46.31"
"91","Mauritania","MRT","GINI index (World Bank estimate)","SI.POV.GINI",NA,NA,NA,NA,NA,NA,NA,NA,NA,NA,NA,NA,NA,NA,NA,NA,NA,NA,NA,NA,NA,NA,NA,NA,NA,NA,NA,43.94,NA,NA,NA,NA,NA,50.05,NA,37.75,NA,NA,NA,NA,39.03,NA,NA,NA,40.17,NA,NA,NA,35.69,NA,NA,NA,NA,NA,32.42,NA,NA,"36.8275"
"92","Mauritius","MUS","GINI index (World Bank estimate)","SI.POV.GINI",NA,NA,NA,NA,NA,NA,NA,NA,NA,NA,NA,NA,NA,NA,NA,NA,NA,NA,NA,NA,NA,NA,NA,NA,NA,NA,NA,NA,NA,NA,NA,NA,NA,NA,NA,NA,NA,NA,NA,NA,NA,NA,NA,NA,NA,NA,35.65,NA,NA,NA,NA,NA,35.84,NA,NA,NA,NA,"35.745"
"93","Malawi","MWI","GINI index (World Bank estimate)","SI.POV.GINI",NA,NA,NA,NA,NA,NA,NA,NA,NA,NA,NA,NA,NA,NA,NA,NA,NA,NA,NA,NA,NA,NA,NA,NA,NA,NA,NA,NA,NA,NA,NA,NA,NA,NA,NA,NA,NA,65.76,NA,NA,NA,NA,NA,NA,39.87,NA,NA,NA,NA,NA,46.12,NA,NA,NA,NA,NA,NA,"42.995"
"94","Malaysia","MYS","GINI index (World Bank estimate)","SI.POV.GINI",NA,NA,NA,NA,NA,NA,NA,NA,NA,NA,NA,NA,NA,NA,NA,NA,NA,NA,NA,NA,NA,NA,NA,NA,48.62,NA,NA,47.04,NA,46.17,NA,NA,47.65,NA,NA,48.52,NA,49.15,NA,NA,NA,NA,NA,NA,46.05,NA,NA,46.05,NA,46.26,NA,NA,NA,NA,NA,NA,NA,"46.12"
"95","Namibia","NAM","GINI index (World Bank estimate)","SI.POV.GINI",NA,NA,NA,NA,NA,NA,NA,NA,NA,NA,NA,NA,NA,NA,NA,NA,NA,NA,NA,NA,NA,NA,NA,NA,NA,NA,NA,NA,NA,NA,NA,NA,NA,NA,NA,NA,NA,NA,NA,NA,NA,NA,NA,63.32,NA,NA,NA,NA,NA,60.97,NA,NA,NA,NA,NA,NA,NA,"62.145"
"96","Niger","NER","GINI index (World Bank estimate)","SI.POV.GINI",NA,NA,NA,NA,NA,NA,NA,NA,NA,NA,NA,NA,NA,NA,NA,NA,NA,NA,NA,NA,NA,NA,NA,NA,NA,NA,NA,NA,NA,NA,NA,NA,36.1,NA,41.53,NA,NA,NA,NA,NA,NA,NA,NA,NA,NA,44.43,NA,37.3,NA,NA,NA,31.45,NA,NA,33.99,NA,NA,"36.7925"
"97","Nigeria","NGA","GINI index (World Bank estimate)","SI.POV.GINI",NA,NA,NA,NA,NA,NA,NA,NA,NA,NA,NA,NA,NA,NA,NA,NA,NA,NA,NA,NA,NA,NA,NA,NA,NA,38.68,NA,NA,NA,NA,NA,NA,44.98,NA,NA,NA,51.92,NA,NA,NA,NA,NA,NA,40.06,NA,NA,NA,NA,NA,42.97,NA,NA,NA,NA,NA,NA,NA,"41.515"
"98","Nicaragua","NIC","GINI index (World Bank estimate)","SI.POV.GINI",NA,NA,NA,NA,NA,NA,NA,NA,NA,NA,NA,NA,NA,NA,NA,NA,NA,NA,NA,NA,NA,NA,NA,NA,NA,NA,NA,NA,NA,NA,NA,NA,NA,50.36,NA,NA,NA,NA,45.16,NA,NA,58.03,NA,NA,NA,40.49,NA,NA,NA,45.73,NA,NA,NA,NA,47.05,NA,NA,"47.825"
"99","Netherlands","NLD","GINI index (World Bank estimate)","SI.POV.GINI",NA,NA,NA,NA,NA,NA,NA,NA,NA,NA,NA,NA,NA,NA,NA,NA,NA,NA,NA,NA,NA,NA,NA,NA,NA,NA,NA,NA,NA,NA,NA,NA,NA,NA,NA,NA,NA,NA,NA,NA,NA,NA,NA,NA,30.74,29.86,30.76,30.35,29.93,28.38,28.73,28.17,27.99,NA,NA,NA,NA,"29.43444444"
"100","Norway","NOR","GINI index (World Bank estimate)","SI.POV.GINI",NA,NA,NA,NA,NA,NA,NA,NA,NA,NA,NA,NA,NA,NA,NA,NA,NA,NA,NA,NA,NA,NA,NA,NA,NA,NA,NA,NA,NA,NA,NA,NA,NA,NA,NA,NA,NA,NA,NA,NA,NA,NA,NA,NA,31.72,32.27,27.29,28.07,27.14,26.39,25.86,25.54,25.9,NA,NA,NA,NA,"27.79777778"
"101","Nepal","NPL","GINI index (World Bank estimate)","SI.POV.GINI",NA,NA,NA,NA,NA,NA,NA,NA,NA,NA,NA,NA,NA,NA,NA,NA,NA,NA,NA,NA,NA,NA,NA,NA,30.06,NA,NA,NA,NA,NA,NA,NA,NA,NA,NA,35.21,NA,NA,NA,NA,NA,NA,NA,43.77,NA,NA,NA,NA,NA,NA,32.84,NA,NA,NA,NA,NA,NA,"38.305"
"102","Pakistan","PAK","GINI index (World Bank estimate)","SI.POV.GINI",NA,NA,NA,NA,NA,NA,NA,NA,NA,NA,NA,NA,NA,NA,NA,NA,NA,NA,NA,NA,NA,NA,NA,NA,NA,NA,NA,33.32,NA,NA,33.25,NA,NA,NA,NA,NA,28.67,NA,33.12,NA,NA,30.37,NA,NA,32.51,32.72,NA,31.84,NA,NA,29.8,30.93,NA,30.69,NA,NA,NA,"31.26571429"
"103","Panama","PAN","GINI index (World Bank estimate)","SI.POV.GINI",NA,NA,NA,NA,NA,NA,NA,NA,NA,NA,NA,NA,NA,NA,NA,NA,NA,NA,NA,NA,NA,NA,NA,NA,NA,NA,NA,NA,NA,58.91,NA,58.22,NA,NA,NA,57.81,NA,58.23,57.48,56.46,57.66,57.3,56.59,56.37,55.06,53.99,55.06,52.97,52.63,52.03,51.91,51.83,51.9,51.66,50.7,NA,NA,"53.844"
"104","Peru","PER","GINI index (World Bank estimate)","SI.POV.GINI",NA,NA,NA,NA,NA,NA,NA,NA,NA,NA,NA,NA,NA,NA,NA,NA,NA,NA,NA,NA,NA,NA,NA,NA,NA,45.63,NA,NA,NA,NA,NA,NA,NA,NA,44.02,NA,NA,53.72,56.14,56.34,50.77,51.83,54.04,53.71,51.2,51.84,51.67,51.35,48.55,47.96,46.21,45.48,45.11,44.73,44.14,NA,NA,"49.23933333"
"105","Philippines","PHL","GINI index (World Bank estimate)","SI.POV.GINI",NA,NA,NA,NA,NA,NA,NA,NA,NA,NA,NA,NA,NA,NA,NA,NA,NA,NA,NA,NA,NA,NA,NA,NA,NA,41.04,NA,NA,40.75,NA,NA,43.82,NA,NA,42.89,NA,NA,45.96,NA,NA,46.17,NA,NA,44.04,NA,NA,44.2,NA,NA,42.91,NA,NA,43.04,NA,NA,NA,NA,"44.072"
"106","Papua New Guinea","PNG","GINI index (World Bank estimate)","SI.POV.GINI",NA,NA,NA,NA,NA,NA,NA,NA,NA,NA,NA,NA,NA,NA,NA,NA,NA,NA,NA,NA,NA,NA,NA,NA,NA,NA,NA,NA,NA,NA,NA,NA,NA,NA,NA,NA,55.43,NA,NA,NA,NA,NA,NA,NA,NA,NA,NA,NA,NA,43.88,NA,NA,NA,NA,NA,NA,NA,"43.88"
"107","Poland","POL","GINI index (World Bank estimate)","SI.POV.GINI",NA,NA,NA,NA,NA,NA,NA,NA,NA,NA,NA,NA,NA,NA,NA,NA,NA,NA,NA,NA,NA,NA,NA,NA,NA,25.16,NA,25.53,NA,26.89,NA,NA,NA,26.7,NA,NA,32.66,NA,32.32,32.59,32.97,32.85,34.05,34.91,35.43,34.49,34.71,33.51,33.72,33.58,33.25,32.78,32.39,32.55,32.08,NA,NA,"33.55133333"
"108","Portugal","PRT","GINI index (World Bank estimate)","SI.POV.GINI",NA,NA,NA,NA,NA,NA,NA,NA,NA,NA,NA,NA,NA,NA,NA,NA,NA,NA,NA,NA,NA,NA,NA,NA,NA,NA,NA,NA,NA,NA,NA,NA,NA,NA,NA,NA,NA,NA,NA,NA,NA,NA,NA,NA,38.9,38.47,38.06,36.75,36.63,34.91,35.84,36.34,36.04,NA,NA,NA,NA,"36.88222222"
"109","Paraguay","PRY","GINI index (World Bank estimate)","SI.POV.GINI",NA,NA,NA,NA,NA,NA,NA,NA,NA,NA,NA,NA,NA,NA,NA,NA,NA,NA,NA,NA,NA,NA,NA,NA,NA,NA,NA,NA,NA,NA,40.84,NA,NA,NA,NA,58.16,NA,54.89,NA,54.58,NA,54.83,57.34,55.55,52.59,51.37,53.63,52.09,51.04,49.67,51.83,52.6,48.17,48.3,51.67,NA,NA,"52.19142857"
"110","Romania","ROU","GINI index (World Bank estimate)","SI.POV.GINI",NA,NA,NA,NA,NA,NA,NA,NA,NA,NA,NA,NA,NA,NA,NA,NA,NA,NA,NA,NA,NA,NA,NA,NA,NA,NA,NA,NA,NA,23.31,NA,NA,25.46,NA,28.2,NA,NA,NA,31.08,29.42,29.32,29.43,30.23,29.91,30.04,29.82,30.46,NA,36.93,35.24,35.3,NA,34.88,27.45,NA,NA,NA,"31.58416667"
"111","Russian Federation","RUS","GINI index (World Bank estimate)","SI.POV.GINI",NA,NA,NA,NA,NA,NA,NA,NA,NA,NA,NA,NA,NA,NA,NA,NA,NA,NA,NA,NA,NA,NA,NA,NA,NA,NA,NA,NA,23.8,NA,NA,NA,NA,48.38,NA,NA,46.1,38.41,38.14,37.44,37.09,39.6,37.28,40.69,40.92,41.37,41.54,42.33,41.42,39.69,40.94,41.04,41.59,NA,NA,NA,NA,"40.42307692"
"112","Rwanda","RWA","GINI index (World Bank estimate)","SI.POV.GINI",NA,NA,NA,NA,NA,NA,NA,NA,NA,NA,NA,NA,NA,NA,NA,NA,NA,NA,NA,NA,NA,NA,NA,NA,28.9,NA,NA,NA,NA,NA,NA,NA,NA,NA,NA,NA,NA,NA,NA,NA,48.55,NA,NA,NA,NA,52.04,NA,NA,NA,NA,51.34,NA,NA,50.44,NA,NA,NA,"50.5925"
"113","Sudan","SDN","GINI index (World Bank estimate)","SI.POV.GINI",NA,NA,NA,NA,NA,NA,NA,NA,NA,NA,NA,NA,NA,NA,NA,NA,NA,NA,NA,NA,NA,NA,NA,NA,NA,NA,NA,NA,NA,NA,NA,NA,NA,NA,NA,NA,NA,NA,NA,NA,NA,NA,NA,NA,NA,NA,NA,NA,NA,35.39,NA,NA,NA,NA,NA,NA,NA,"35.39"
"114","Senegal","SEN","GINI index (World Bank estimate)","SI.POV.GINI",NA,NA,NA,NA,NA,NA,NA,NA,NA,NA,NA,NA,NA,NA,NA,NA,NA,NA,NA,NA,NA,NA,NA,NA,NA,NA,NA,NA,NA,NA,NA,54.14,NA,NA,41.44,NA,NA,NA,NA,NA,NA,41.23,NA,NA,NA,39.22,NA,NA,NA,NA,NA,40.29,NA,NA,NA,NA,NA,"40.24666667"
"115","Solomon Islands","SLB","GINI index (World Bank estimate)","SI.POV.GINI",NA,NA,NA,NA,NA,NA,NA,NA,NA,NA,NA,NA,NA,NA,NA,NA,NA,NA,NA,NA,NA,NA,NA,NA,NA,NA,NA,NA,NA,NA,NA,NA,NA,NA,NA,NA,NA,NA,NA,NA,NA,NA,NA,NA,NA,46.1,NA,NA,NA,NA,NA,NA,NA,NA,NA,NA,NA,"46.1"
"116","Sierra Leone","SLE","GINI index (World Bank estimate)","SI.POV.GINI",NA,NA,NA,NA,NA,NA,NA,NA,NA,NA,NA,NA,NA,NA,NA,NA,NA,NA,NA,NA,NA,NA,NA,NA,NA,NA,NA,NA,NA,NA,NA,NA,NA,NA,NA,NA,NA,NA,NA,NA,NA,NA,NA,40.17,NA,NA,NA,NA,NA,NA,NA,33.99,NA,NA,NA,NA,NA,"37.08"
"117","El Salvador","SLV","GINI index (World Bank estimate)","SI.POV.GINI",NA,NA,NA,NA,NA,NA,NA,NA,NA,NA,NA,NA,NA,NA,NA,NA,NA,NA,NA,NA,NA,NA,NA,NA,NA,NA,NA,NA,NA,NA,NA,53.95,NA,NA,NA,49.88,51.39,NA,54.52,52.2,51.31,51.14,51.54,50.72,47.38,47.88,45.44,45.24,46.65,45.93,44.53,42.43,41.8,43.51,41.84,NA,NA,"46.48933333"
"118","Serbia","SRB","GINI index (World Bank estimate)","SI.POV.GINI",NA,NA,NA,NA,NA,NA,NA,NA,NA,NA,NA,NA,NA,NA,NA,NA,NA,NA,NA,NA,NA,NA,NA,NA,NA,NA,NA,NA,NA,NA,NA,NA,NA,NA,NA,NA,NA,NA,NA,NA,NA,NA,31.97,32.83,32.98,33.43,29.67,29.43,28.18,28.67,29.65,NA,NA,29.06,NA,NA,NA,"30.587"
"119","South Sudan","SSD","GINI index (World Bank estimate)","SI.POV.GINI",NA,NA,NA,NA,NA,NA,NA,NA,NA,NA,NA,NA,NA,NA,NA,NA,NA,NA,NA,NA,NA,NA,NA,NA,NA,NA,NA,NA,NA,NA,NA,NA,NA,NA,NA,NA,NA,NA,NA,NA,NA,NA,NA,NA,NA,NA,NA,NA,NA,46.34,NA,NA,NA,NA,NA,NA,NA,"46.34"
"120","Sao Tome and Principe","STP","GINI index (World Bank estimate)","SI.POV.GINI",NA,NA,NA,NA,NA,NA,NA,NA,NA,NA,NA,NA,NA,NA,NA,NA,NA,NA,NA,NA,NA,NA,NA,NA,NA,NA,NA,NA,NA,NA,NA,NA,NA,NA,NA,NA,NA,NA,NA,NA,32.13,NA,NA,NA,NA,NA,NA,NA,NA,NA,30.82,NA,NA,NA,NA,NA,NA,"31.475"
"121","Slovak Republic","SVK","GINI index (World Bank estimate)","SI.POV.GINI",NA,NA,NA,NA,NA,NA,NA,NA,NA,NA,NA,NA,NA,NA,NA,NA,NA,NA,NA,NA,NA,NA,NA,NA,NA,NA,NA,NA,19.54,NA,NA,NA,19.49,NA,NA,NA,25.81,NA,NA,NA,NA,NA,NA,NA,28.94,29.33,27.71,24.74,26.08,26.02,27.32,26.58,26.12,NA,NA,NA,NA,"26.98222222"
"122","Slovenia","SVN","GINI index (World Bank estimate)","SI.POV.GINI",NA,NA,NA,NA,NA,NA,NA,NA,NA,NA,NA,NA,NA,NA,NA,NA,NA,NA,NA,NA,NA,NA,NA,NA,NA,NA,NA,23.6,NA,NA,NA,NA,NA,29.18,NA,NA,NA,NA,28.41,NA,NA,NA,29.12,30.87,24.84,24.63,24.48,24.37,23.72,24.83,24.94,24.87,25.59,NA,NA,NA,NA,"25.66"
"123","Sweden","SWE","GINI index (World Bank estimate)","SI.POV.GINI",NA,NA,NA,NA,NA,NA,NA,NA,NA,NA,NA,NA,NA,NA,NA,NA,NA,NA,NA,NA,NA,NA,NA,NA,NA,NA,NA,NA,NA,NA,NA,NA,NA,NA,NA,NA,NA,NA,NA,NA,NA,NA,NA,NA,26.43,27.1,26.47,26.92,27.13,26.61,26.81,27.24,27.32,NA,NA,NA,NA,"26.89222222"
"124","Swaziland","SWZ","GINI index (World Bank estimate)","SI.POV.GINI",NA,NA,NA,NA,NA,NA,NA,NA,NA,NA,NA,NA,NA,NA,NA,NA,NA,NA,NA,NA,NA,NA,NA,NA,NA,NA,NA,NA,NA,NA,NA,NA,NA,NA,60.45,NA,NA,NA,NA,NA,53.11,NA,NA,NA,NA,NA,NA,NA,NA,51.45,NA,NA,NA,NA,NA,NA,NA,"52.28"
"125","Seychelles","SYC","GINI index (World Bank estimate)","SI.POV.GINI",NA,NA,NA,NA,NA,NA,NA,NA,NA,NA,NA,NA,NA,NA,NA,NA,NA,NA,NA,NA,NA,NA,NA,NA,NA,NA,NA,NA,NA,NA,NA,NA,NA,NA,NA,NA,NA,NA,NA,42.78,NA,NA,NA,NA,NA,NA,42.77,NA,NA,NA,NA,NA,NA,46.82,NA,NA,NA,"44.795"
"126","Chad","TCD","GINI index (World Bank estimate)","SI.POV.GINI",NA,NA,NA,NA,NA,NA,NA,NA,NA,NA,NA,NA,NA,NA,NA,NA,NA,NA,NA,NA,NA,NA,NA,NA,NA,NA,NA,NA,NA,NA,NA,NA,NA,NA,NA,NA,NA,NA,NA,NA,NA,NA,NA,39.82,NA,NA,NA,NA,NA,NA,NA,43.32,NA,NA,NA,NA,NA,"41.57"
"127","Togo","TGO","GINI index (World Bank estimate)","SI.POV.GINI",NA,NA,NA,NA,NA,NA,NA,NA,NA,NA,NA,NA,NA,NA,NA,NA,NA,NA,NA,NA,NA,NA,NA,NA,NA,NA,NA,NA,NA,NA,NA,NA,NA,NA,NA,NA,NA,NA,NA,NA,NA,NA,NA,NA,NA,NA,42.21,NA,NA,NA,NA,46.02,NA,NA,NA,NA,NA,"44.115"
"128","Thailand","THA","GINI index (World Bank estimate)","SI.POV.GINI",NA,NA,NA,NA,NA,NA,NA,NA,NA,NA,NA,NA,NA,NA,NA,NA,NA,NA,NA,NA,NA,45.22,NA,NA,NA,NA,NA,NA,43.84,NA,45.27,NA,47.86,NA,43.47,NA,42.9,NA,41.46,43.09,42.83,NA,41.94,NA,42.54,NA,41.82,39.76,40.29,39.75,39.4,37.46,39.26,37.85,NA,NA,NA,"40.26363636"
"129","Tajikistan","TJK","GINI index (World Bank estimate)","SI.POV.GINI",NA,NA,NA,NA,NA,NA,NA,NA,NA,NA,NA,NA,NA,NA,NA,NA,NA,NA,NA,NA,NA,NA,NA,NA,NA,NA,NA,NA,NA,NA,NA,NA,NA,NA,NA,NA,NA,NA,NA,29.54,NA,NA,NA,32.72,33.6,NA,NA,32.19,NA,30.77,NA,NA,30.52,30.41,30.76,NA,NA,"31.56714286"
"130","Timor-Leste","TLS","GINI index (World Bank estimate)","SI.POV.GINI",NA,NA,NA,NA,NA,NA,NA,NA,NA,NA,NA,NA,NA,NA,NA,NA,NA,NA,NA,NA,NA,NA,NA,NA,NA,NA,NA,NA,NA,NA,NA,NA,NA,NA,NA,NA,NA,NA,NA,NA,NA,37.56,NA,NA,NA,NA,NA,31.56,NA,NA,NA,NA,NA,NA,NA,NA,NA,"34.56"
"131","Tonga","TON","GINI index (World Bank estimate)","SI.POV.GINI",NA,NA,NA,NA,NA,NA,NA,NA,NA,NA,NA,NA,NA,NA,NA,NA,NA,NA,NA,NA,NA,NA,NA,NA,NA,NA,NA,NA,NA,NA,NA,NA,NA,NA,NA,NA,NA,NA,NA,NA,NA,37.84,NA,NA,NA,NA,NA,NA,NA,38.1,NA,NA,NA,NA,NA,NA,NA,"37.97"
"132","Tunisia","TUN","GINI index (World Bank estimate)","SI.POV.GINI",NA,NA,NA,NA,NA,NA,NA,NA,NA,NA,NA,NA,NA,NA,NA,NA,NA,NA,NA,NA,NA,NA,NA,NA,NA,43.43,NA,NA,NA,NA,40.24,NA,NA,NA,NA,41.66,NA,NA,NA,NA,40.81,NA,NA,NA,NA,37.73,NA,NA,NA,NA,35.81,NA,NA,NA,NA,NA,NA,"38.11666667"
"133","Turkey","TUR","GINI index (World Bank estimate)","SI.POV.GINI",NA,NA,NA,NA,NA,NA,NA,NA,NA,NA,NA,NA,NA,NA,NA,NA,NA,NA,NA,NA,NA,NA,NA,NA,NA,NA,NA,43.48,NA,NA,NA,NA,NA,NA,41.32,NA,NA,NA,NA,NA,NA,NA,41.4,42.18,41.29,42.61,39.65,38.44,39.02,38.97,38.79,40.04,40.17,40.18,NA,NA,NA,"40.22833333"
"134","Tuvalu","TUV","GINI index (World Bank estimate)","SI.POV.GINI",NA,NA,NA,NA,NA,NA,NA,NA,NA,NA,NA,NA,NA,NA,NA,NA,NA,NA,NA,NA,NA,NA,NA,NA,NA,NA,NA,NA,NA,NA,NA,NA,NA,NA,NA,NA,NA,NA,NA,NA,NA,NA,NA,NA,NA,NA,NA,NA,NA,NA,41.1,NA,NA,NA,NA,NA,NA,"41.1"
"135","Tanzania","TZA","GINI index (World Bank estimate)","SI.POV.GINI",NA,NA,NA,NA,NA,NA,NA,NA,NA,NA,NA,NA,NA,NA,NA,NA,NA,NA,NA,NA,NA,NA,NA,NA,NA,NA,NA,NA,NA,NA,NA,35.29,NA,NA,NA,NA,NA,NA,NA,NA,37.3,NA,NA,NA,NA,NA,NA,40.28,NA,NA,NA,37.78,NA,NA,NA,NA,NA,"38.45333333"
"136","Uganda","UGA","GINI index (World Bank estimate)","SI.POV.GINI",NA,NA,NA,NA,NA,NA,NA,NA,NA,NA,NA,NA,NA,NA,NA,NA,NA,NA,NA,NA,NA,NA,NA,NA,NA,NA,NA,NA,NA,44.36,NA,NA,41.43,NA,NA,NA,39.04,NA,NA,43,NA,NA,45.17,NA,NA,42.94,NA,NA,NA,44.2,NA,NA,41.01,NA,NA,NA,NA,"43.33"
"137","Ukraine","UKR","GINI index (World Bank estimate)","SI.POV.GINI",NA,NA,NA,NA,NA,NA,NA,NA,NA,NA,NA,NA,NA,NA,NA,NA,NA,NA,NA,NA,NA,NA,NA,NA,NA,NA,NA,NA,23.31,NA,NA,NA,29.71,28.93,NA,39.29,35.16,NA,NA,28.96,NA,NA,29.05,28.66,28.93,29.02,29.79,27.01,26.64,25.32,24.82,24.55,24.74,24.55,24.09,NA,NA,"26.70538462"
"138","Uruguay","URY","GINI index (World Bank estimate)","SI.POV.GINI",NA,NA,NA,NA,NA,NA,NA,NA,NA,NA,NA,NA,NA,NA,NA,NA,NA,NA,NA,NA,NA,43.65,NA,NA,NA,NA,NA,NA,NA,42.37,NA,NA,40.2,NA,NA,42.11,42.66,42.73,43.81,NA,44.39,46.17,46.66,46.22,47.13,45.87,47.2,47.63,46.27,46.28,45.32,43.37,41.32,41.87,41.6,NA,NA,"45.15333333"
"139","United States","USA","GINI index (World Bank estimate)","SI.POV.GINI",NA,NA,NA,NA,NA,NA,NA,NA,NA,NA,NA,NA,NA,NA,NA,NA,NA,NA,NA,NA,NA,NA,NA,NA,NA,NA,37.73,NA,NA,NA,NA,38.36,NA,NA,40.35,NA,NA,40.86,NA,NA,40.46,NA,NA,NA,40.62,NA,NA,41.75,NA,NA,40.46,NA,NA,41.06,NA,NA,NA,"40.87"
"140","Uzbekistan","UZB","GINI index (World Bank estimate)","SI.POV.GINI",NA,NA,NA,NA,NA,NA,NA,NA,NA,NA,NA,NA,NA,NA,NA,NA,NA,NA,NA,NA,NA,NA,NA,NA,NA,NA,NA,NA,24.95,NA,NA,NA,NA,NA,NA,NA,NA,NA,44.67,NA,36.1,NA,33.04,35.27,NA,NA,NA,NA,NA,NA,NA,NA,NA,NA,NA,NA,NA,"34.80333333"
"141","Venezuela, RB","VEN","GINI index (World Bank estimate)","SI.POV.GINI",NA,NA,NA,NA,NA,NA,NA,NA,NA,NA,NA,NA,NA,NA,NA,NA,NA,NA,NA,NA,NA,55.61,NA,NA,NA,NA,NA,53.45,NA,45.3,NA,NA,42.51,NA,NA,47.82,NA,NA,49.8,48.32,NA,48.22,50.56,50.37,49.82,52.36,46.94,NA,NA,NA,NA,NA,NA,NA,NA,NA,NA,"49.71166667"
"142","Vietnam","VNM","GINI index (World Bank estimate)","SI.POV.GINI",NA,NA,NA,NA,NA,NA,NA,NA,NA,NA,NA,NA,NA,NA,NA,NA,NA,NA,NA,NA,NA,NA,NA,NA,NA,NA,NA,NA,NA,NA,NA,NA,35.65,NA,NA,NA,NA,NA,35.44,NA,NA,NA,37.32,NA,37.17,NA,37.44,NA,38.15,NA,42.68,NA,38.7,NA,37.59,NA,NA,"38.43571429"
"143","Vanuatu","VUT","GINI index (World Bank estimate)","SI.POV.GINI",NA,NA,NA,NA,NA,NA,NA,NA,NA,NA,NA,NA,NA,NA,NA,NA,NA,NA,NA,NA,NA,NA,NA,NA,NA,NA,NA,NA,NA,NA,NA,NA,NA,NA,NA,NA,NA,NA,NA,NA,NA,NA,NA,NA,NA,NA,NA,NA,NA,NA,37.19,NA,NA,NA,NA,NA,NA,"37.19"
"144","West Bank and Gaza","PSE","GINI index (World Bank estimate)","SI.POV.GINI",NA,NA,NA,NA,NA,NA,NA,NA,NA,NA,NA,NA,NA,NA,NA,NA,NA,NA,NA,NA,NA,NA,NA,NA,NA,NA,NA,NA,NA,NA,NA,NA,NA,NA,NA,NA,NA,NA,NA,NA,NA,NA,NA,NA,33.97,34.72,33.96,35.61,NA,34.46,NA,NA,NA,NA,NA,NA,NA,"34.544"
"145","Samoa","WSM","GINI index (World Bank estimate)","SI.POV.GINI",NA,NA,NA,NA,NA,NA,NA,NA,NA,NA,NA,NA,NA,NA,NA,NA,NA,NA,NA,NA,NA,NA,NA,NA,NA,NA,NA,NA,NA,NA,NA,NA,NA,NA,NA,NA,NA,NA,NA,NA,NA,NA,NA,NA,NA,NA,NA,NA,42.69,NA,NA,NA,NA,NA,NA,NA,NA,"42.69"
"146","South Africa","ZAF","GINI index (World Bank estimate)","SI.POV.GINI",NA,NA,NA,NA,NA,NA,NA,NA,NA,NA,NA,NA,NA,NA,NA,NA,NA,NA,NA,NA,NA,NA,NA,NA,NA,NA,NA,NA,NA,NA,NA,NA,NA,59.33,NA,NA,60.69,NA,NA,NA,57.77,NA,NA,NA,NA,NA,64.79,NA,63.01,NA,NA,63.38,NA,NA,NA,NA,NA,"62.2375"
"147","Congo, Dem. Rep.","COD","GINI index (World Bank estimate)","SI.POV.GINI",NA,NA,NA,NA,NA,NA,NA,NA,NA,NA,NA,NA,NA,NA,NA,NA,NA,NA,NA,NA,NA,NA,NA,NA,NA,NA,NA,NA,NA,NA,NA,NA,NA,NA,NA,NA,NA,NA,NA,NA,NA,NA,NA,NA,42.16,NA,NA,NA,NA,NA,NA,NA,42.1,NA,NA,NA,NA,"42.13"
"148","Zambia","ZMB","GINI index (World Bank estimate)","SI.POV.GINI",NA,NA,NA,NA,NA,NA,NA,NA,NA,NA,NA,NA,NA,NA,NA,NA,NA,NA,NA,NA,NA,NA,NA,NA,NA,NA,NA,NA,NA,NA,NA,60.51,NA,52.61,NA,NA,48.33,NA,49.13,NA,NA,NA,42.06,NA,54.29,NA,54.62,NA,NA,NA,55.62,NA,NA,NA,NA,NA,NA,"51.6475"
"149","Zimbabwe","ZWE","GINI index (World Bank estimate)","SI.POV.GINI",NA,NA,NA,NA,NA,NA,NA,NA,NA,NA,NA,NA,NA,NA,NA,NA,NA,NA,NA,NA,NA,NA,NA,NA,NA,NA,NA,NA,NA,NA,NA,NA,NA,NA,NA,NA,NA,NA,NA,NA,NA,NA,NA,NA,NA,NA,NA,NA,NA,NA,NA,43.15,NA,NA,NA,NA,NA,"43.15"
