Id1,Geographic area name, NAICS code,Meaning of NAICS code,Year,Number of establishments,Paid.employees.for.pay.period.including.March.12..number.,"First-quarter payroll ($1,000)",Annual.payroll...1.000.
1,Alabama,0,Total for all sectors,2006,103460,1713399,13615946,55941677
1,Alabama,11,"Agriculture, forestry, fishing and hunting",2006,953,6730,47199,191712
1,Alabama,21,Mining ,2006,271,7975,112692,437699
1,Alabama,22,Utilities,2006,410,14440,434277,1120607
1,Alabama,23,Construction,2006,10212,111115,904094,3961866
1,Alabama,31-33,Manufacturing,2006,4901,291239,2702028,11028280
1,Alabama,42,Wholesale trade,2006,5660,79498,838291,3470329
1,Alabama,44-45,Retail trade,2006,19497,247237,1258649,5182321
1,Alabama,48-49,Transportation and warehousing,2006,3178,59189,503632,2081652
1,Alabama,51,Information,2006,1686,39400,468586,1824056
1,Alabama,52,Finance and insurance,2006,6611,70709,986760,3964801
1,Alabama,53,Real estate and rental and leasing,2006,4290,25082,175297,737536
1,Alabama,54,"Professional, scientific, and technical services",2006,9379,97540,1185498,5071233
1,Alabama,55,Management of companies and enterprises,2006,616,19128,395500,1342370
1,Alabama,56,Administrative and support and waste management and remediation services,2006,4128,128781,649909,2790379
1,Alabama,61,Educational services,2006,803,26935,155142,645868
1,Alabama,62,Health care and social assistance,2006,10140,233220,1920998,8411145
1,Alabama,71,"Arts, entertainment, and recreation",2006,1135,17252,61739,271907
1,Alabama,72,Accommodation and food services,2006,7810,152471,406382,1705818
1,Alabama,81,Other services (except public administration),2006,11522,85151,407841,1694908
1,Alabama,99,Industries not classified,2006,258,307,1432,7190
2,Alaska,0,Total for all sectors,2006,19892,241621,2463914,10780246
2,Alaska,11,"Agriculture, forestry, fishing and hunting",2006,330,980,7735,39552
2,Alaska,21,Mining ,2006,122,7583,182190,770330
2,Alaska,22,Utilities,2006,89,1790,28788,121374
2,Alaska,23,Construction,2006,2695,20770,279014,1438475
2,Alaska,31-33,Manufacturing,2006,515,10221,100899,423241
2,Alaska,42,Wholesale trade,2006,738,8587,98777,413029
2,Alaska,44-45,Retail trade,2006,2655,35344,220640,939722
2,Alaska,48-49,Transportation and warehousing,2006,1119,18999,234818,1023936
2,Alaska,51,Information,2006,394,7308,94403,371565
2,Alaska,52,Finance and insurance,2006,754,7759,106202,410077
2,Alaska,53,Real estate and rental and leasing,2006,879,4667,35406,157226
2,Alaska,54,"Professional, scientific, and technical services",2006,1849,14099,193508,870932
2,Alaska,55,Management of companies and enterprises,2006,130,3436,100577,344675
2,Alaska,56,Administrative and support and waste management and remediation services,2006,1022,18828,170707,762145
2,Alaska,61,Educational services,2006,234,2626,14617,59539
2,Alaska,62,Health care and social assistance,2006,2039,39455,408507,1749702
2,Alaska,71,"Arts, entertainment, and recreation",2006,525,4325,14057,70927
2,Alaska,72,Accommodation and food services,2006,1977,24236,102928,521041
2,Alaska,81,Other services (except public administration),2006,1760,10536,69928,291005
2,Alaska,99,Industries not classified,2006,66,72,213,1753
4,Arizona,0,Total for all sectors,2006,137845,2335098,20871075,85056889
4,Arizona,11,"Agriculture, forestry, fishing and hunting",2006,206,1354,9831,40247
4,Arizona,21,Mining ,2006,242,10030,122115,527551
4,Arizona,22,Utilities,2006,237,10373,191423,726938
4,Arizona,23,Construction,2006,16065,249417,2214486,9303291
4,Arizona,31-33,Manufacturing,2006,4971,179122,2107631,8511898
4,Arizona,42,Wholesale trade,2006,6791,97006,1214129,4870256
4,Arizona,44-45,Retail trade,2006,18693,331427,1973228,8088478
4,Arizona,48-49,Transportation and warehousing,2006,3279,78135,764174,3130999
4,Arizona,51,Information,2006,2223,53780,678589,2674054
4,Arizona,52,Finance and insurance,2006,10082,143883,2145298,7913804
4,Arizona,53,Real estate and rental and leasing,2006,9513,51126,545430,2144649
4,Arizona,54,"Professional, scientific, and technical services",2006,16165,134051,1581092,6892194
4,Arizona,55,Management of companies and enterprises,2006,834,56947,1240468,4246651
4,Arizona,56,Administrative and support and waste management and remediation services,2006,8195,240054,1542071,6615066
4,Arizona,61,Educational services,2006,1687,43977,315049,1306061
4,Arizona,62,Health care and social assistance,2006,14577,265751,2544569,11062771
4,Arizona,71,"Arts, entertainment, and recreation",2006,1859,46832,307522,1373848
4,Arizona,72,Accommodation and food services,2006,10926,254041,875418,3539205
4,Arizona,81,Other services (except public administration),2006,10801,87230,495675,2070532
4,Arizona,99,Industries not classified,2006,499,562,2877,18396
5,Arkansas,0,Total for all sectors,2006,66795,1041998,7874489,31719208
5,Arkansas,11,"Agriculture, forestry, fishing and hunting",2006,791,5525,35187,156172
5,Arkansas,21,Mining ,2006,350,5017,58404,269314
5,Arkansas,22,Utilities,2006,372,7095,114254,439211
5,Arkansas,23,Construction,2006,6504,53920,402175,1786602
5,Arkansas,31-33,Manufacturing,2006,3109,200622,1639482,6657113
5,Arkansas,42,Wholesale trade,2006,3514,48821,483118,1987152
5,Arkansas,44-45,Retail trade,2006,11653,145047,697986,2867611
5,Arkansas,48-49,Transportation and warehousing,2006,2611,62967,524055,2131004
5,Arkansas,51,Information,2006,1020,23592,308365,1126004
5,Arkansas,52,Finance and insurance,2006,4458,37851,408453,1526555
5,Arkansas,53,Real estate and rental and leasing,2006,3029,14266,86375,364739
5,Arkansas,54,"Professional, scientific, and technical services",2006,5583,38186,387258,1574980
5,Arkansas,55,Management of companies and enterprises,2006,977,29796,700917,2211097
5,Arkansas,56,Administrative and support and waste management and remediation services,2006,2464,52561,266103,1106888
5,Arkansas,61,Educational services,2006,496,12921,56360,232051
5,Arkansas,62,Health care and social assistance,2006,7088,159017,1231627,5274305
5,Arkansas,71,"Arts, entertainment, and recreation",2006,816,9201,31036,141136
5,Arkansas,72,Accommodation and food services,2006,5052,90235,225090,959676
5,Arkansas,81,Other services (except public administration),2006,6760,45151,217535,904497
5,Arkansas,99,Industries not classified,2006,148,207,709,3101
6,California,0,Total for all sectors,2006,878128,13834264,157553086,633801812
6,California,11,"Agriculture, forestry, fishing and hunting",2006,2010,23820,154849,749354
6,California,21,Mining ,2006,873,21285,392885,1623663
6,California,22,Utilities,2006,1120,59815,1573183,5148729
6,California,23,Construction,2006,77785,958436,10274039,43808271
6,California,31-33,Manufacturing,2006,44474,1449769,18666171,75714222
6,California,42,Wholesale trade,2006,59935,825742,12595347,50038361
6,California,44-45,Retail trade,2006,113307,1700802,11110333,45771768
6,California,48-49,Transportation and warehousing,2006,20776,453208,4645950,19288573
6,California,51,Information,2006,20954,525756,10779829,42196998
6,California,52,Finance and insurance,2006,53985,733723,17003355,59106693
6,California,53,Real estate and rental and leasing,2006,51094,327928,3598457,14565494
6,California,54,"Professional, scientific, and technical services",2006,112691,1224939,20233014,83745958
6,California,55,Management of companies and enterprises,2006,4617,292497,8524369,30118384
6,California,56,Administrative and support and waste management and remediation services,2006,42546,1153010,8234206,34730071
6,California,61,Educational services,2006,10752,317408,2440042,10079488
6,California,62,Health care and social assistance,2006,95048,1556748,16056013,67945691
6,California,71,"Arts, entertainment, and recreation",2006,19434,302529,2454178,12168275
6,California,72,Accommodation and food services,2006,72849,1321880,5033276,21243809
6,California,81,Other services (except public administration),2006,70593,581428,3766255,15652198
6,California,99,Industries not classified,2006,3285,3541,17335,105812
8,Colorado,0,Total for all sectors,2006,154536,2019125,20267364,82344137
8,Colorado,11,"Agriculture, forestry, fishing and hunting",2006,285,1306,7767,35520
8,Colorado,21,Mining ,2006,1122,19597,366739,1542015
8,Colorado,22,Utilities,2006,382,8017,149961,597255
8,Colorado,23,Construction,2006,19740,167527,1641026,7235357
8,Colorado,31-33,Manufacturing,2006,5223,134598,1603325,6476695
8,Colorado,42,Wholesale trade,2006,7350,100022,1410983,5680594
8,Colorado,44-45,Retail trade,2006,19309,256958,1560725,6395857
8,Colorado,48-49,Transportation and warehousing,2006,3389,61166,588613,2520981
8,Colorado,51,Information,2006,3198,79967,1470783,5508718
8,Colorado,52,Finance and insurance,2006,10825,107432,1897961,6771577
8,Colorado,53,Real estate and rental and leasing,2006,9968,47857,458111,1870427
8,Colorado,54,"Professional, scientific, and technical services",2006,22429,164123,2464242,10379831
8,Colorado,55,Management of companies and enterprises,2006,861,45405,1169835,4438028
8,Colorado,56,Administrative and support and waste management and remediation services,2006,7986,187190,1449117,6126661
8,Colorado,61,Educational services,2006,1971,37255,235136,994219
8,Colorado,62,Health care and social assistance,2006,13143,229705,2073031,8851683
8,Colorado,71,"Arts, entertainment, and recreation",2006,2366,45982,320975,1170950
8,Colorado,72,Accommodation and food services,2006,11829,229478,818024,3327152
8,Colorado,81,Other services (except public administration),2006,12761,95106,579261,2409932
8,Colorado,99,Industries not classified,2006,399,434,1749,10685
9,Connecticut,0,Total for all sectors,2006,93421,1585843,21623606,78835063
9,Connecticut,11,"Agriculture, forestry, fishing and hunting",2006,83,e,D,D
9,Connecticut,21,Mining ,2006,70,1137,14671,75353
9,Connecticut,22,Utilities,2006,151,9614,599553,1221536
9,Connecticut,23,Construction,2006,9786,65767,767150,3590665
9,Connecticut,31-33,Manufacturing,2006,4937,182138,2422201,9940763
9,Connecticut,42,Wholesale trade,2006,4687,80323,1257816,5242926
9,Connecticut,44-45,Retail trade,2006,13752,200828,1272426,5312658
9,Connecticut,48-49,Transportation and warehousing,2006,1688,39581,374307,1547668
9,Connecticut,51,Information,2006,1791,37149,643533,2475659
9,Connecticut,52,Finance and insurance,2006,6351,169053,6225233,16257029
9,Connecticut,53,Real estate and rental and leasing,2006,3640,23852,310922,1180193
9,Connecticut,54,"Professional, scientific, and technical services",2006,10313,103307,1680496,6931486
9,Connecticut,55,Management of companies and enterprises,2006,650,39505,1278085,4676138
9,Connecticut,56,Administrative and support and waste management and remediation services,2006,5409,107244,797613,3391223
9,Connecticut,61,Educational services,2006,1222,59225,539071,2209839
9,Connecticut,62,Health care and social assistance,2006,9816,245242,2315968,9859983
9,Connecticut,71,"Arts, entertainment, and recreation",2006,1664,22924,130783,639714
9,Connecticut,72,Accommodation and food services,2006,7702,133164,568963,2507459
9,Connecticut,81,Other services (except public administration),2006,9473,65234,421318,1758126
9,Connecticut,99,Industries not classified,2006,236,e,D,D
10,Delaware,0,Total for all sectors,2006,25613,388250,4540548,17448593
10,Delaware,11,"Agriculture, forestry, fishing and hunting",2006,42,c,D,D
10,Delaware,21,Mining ,2006,21,196,2821,15302
10,Delaware,22,Utilities,2006,51,2611,64898,216731
10,Delaware,23,Construction,2006,2714,25695,256424,1102355
10,Delaware,31-33,Manufacturing,2006,651,33155,447289,1702900
10,Delaware,42,Wholesale trade,2006,1019,20165,404093,1510516
10,Delaware,44-45,Retail trade,2006,3955,56439,323147,1375275
10,Delaware,48-49,Transportation and warehousing,2006,747,14899,111450,468923
10,Delaware,51,Information,2006,416,9332,133954,497218
10,Delaware,52,Finance and insurance,2006,2201,35487,777252,2558826
10,Delaware,53,Real estate and rental and leasing,2006,1239,6601,62896,260122
10,Delaware,54,"Professional, scientific, and technical services",2006,2523,27575,519038,2045456
10,Delaware,55,Management of companies and enterprises,2006,1763,15217,455894,1504838
10,Delaware,56,Administrative and support and waste management and remediation services,2006,1308,24074,159688,683040
10,Delaware,61,Educational services,2006,258,6511,54722,213245
10,Delaware,62,Health care and social assistance,2006,2266,53502,521537,2215136
10,Delaware,71,"Arts, entertainment, and recreation",2006,399,7031,38726,172838
10,Delaware,72,Accommodation and food services,2006,1748,32049,111326,505404
10,Delaware,81,Other services (except public administration),2006,2187,17421,94222,393709
10,Delaware,99,Industries not classified,2006,105,c,D,D
11,District of Columbia,0,Total for all sectors,2006,21002,446576,6911903,27111550
11,District of Columbia,11,"Agriculture, forestry, fishing and hunting",2006,3,a,D,D
11,District of Columbia,21,Mining ,2006,6,b,D,D
11,District of Columbia,22,Utilities,2006,36,1862,53748,176090
11,District of Columbia,23,Construction,2006,394,6229,75605,335861
11,District of Columbia,31-33,Manufacturing,2006,130,1718,18163,76943
11,District of Columbia,42,Wholesale trade,2006,434,5980,90717,362275
11,District of Columbia,44-45,Retail trade,2006,1934,20145,120560,516730
11,District of Columbia,48-49,Transportation and warehousing,2006,180,3692,30433,133357
11,District of Columbia,51,Information,2006,764,23338,541093,2014668
11,District of Columbia,52,Finance and insurance,2006,1064,19613,777062,2271923
11,District of Columbia,53,Real estate and rental and leasing,2006,1010,9606,184410,737373
11,District of Columbia,54,"Professional, scientific, and technical services",2006,4728,88526,2039692,8599788
11,District of Columbia,55,Management of companies and enterprises,2006,207,4142,120324,398935
11,District of Columbia,56,Administrative and support and waste management and remediation services,2006,1017,30207,277530,1145297
11,District of Columbia,61,Educational services,2006,512,47526,595950,2035132
11,District of Columbia,62,Health care and social assistance,2006,2138,60621,682612,2932966
11,District of Columbia,71,"Arts, entertainment, and recreation",2006,296,7155,83998,369647
11,District of Columbia,72,Accommodation and food services,2006,2016,49414,273907,1184873
11,District of Columbia,81,Other services (except public administration),2006,4013,66636,944320,3808913
11,District of Columbia,99,Industries not classified,2006,120,c,D,D
12,Florida,0,Total for all sectors,2006,517069,7535515,64071534,260444393
12,Florida,11,"Agriculture, forestry, fishing and hunting",2006,1024,14221,91745,348965
12,Florida,21,Mining ,2006,297,5582,74881,304010
12,Florida,22,Utilities,2006,632,31973,619668,2151268
12,Florida,23,Construction,2006,59968,542849,4971464,21000933
12,Florida,31-33,Manufacturing,2006,14181,372151,3835180,15487613
12,Florida,42,Wholesale trade,2006,31567,319971,3615971,15022725
12,Florida,44-45,Retail trade,2006,72986,1056865,6226415,25287461
12,Florida,48-49,Transportation and warehousing,2006,13213,222194,2140270,8525328
12,Florida,51,Information,2006,8722,175624,2445052,9471054
12,Florida,52,Finance and insurance,2006,34734,388417,6132139,22007335
12,Florida,53,Real estate and rental and leasing,2006,35200,177458,1682226,6653451
12,Florida,54,"Professional, scientific, and technical services",2006,68350,455324,5443508,24343275
12,Florida,55,Management of companies and enterprises,2006,2438,137745,2581166,9473840
12,Florida,56,Administrative and support and waste management and remediation services,2006,32116,1408215,9475779,38945336
12,Florida,61,Educational services,2006,5178,123003,883166,3625581
12,Florida,62,Health care and social assistance,2006,49591,877821,8066931,34465717
12,Florida,71,"Arts, entertainment, and recreation",2006,7563,163066,1052404,4330387
12,Florida,72,Accommodation and food services,2006,33677,742060,2929753,11626249
12,Florida,81,Other services (except public administration),2006,44339,319579,1797657,7334733
12,Florida,99,Industries not classified,2006,1293,1397,6159,39132
13,Georgia,0,Total for all sectors,2006,225996,3623210,34367165,137926543
13,Georgia,11,"Agriculture, forestry, fishing and hunting",2006,1075,8200,62946,256858
13,Georgia,21,Mining ,2006,227,6594,102219,353795
13,Georgia,22,Utilities,2006,560,21157,542161,1519347
13,Georgia,23,Construction,2006,23048,213778,1989573,8648832
13,Georgia,31-33,Manufacturing,2006,8623,430697,4153176,16604747
13,Georgia,42,Wholesale trade,2006,14097,207204,2761260,10882268
13,Georgia,44-45,Retail trade,2006,35371,478499,2655048,11044779
13,Georgia,48-49,Transportation and warehousing,2006,6236,164058,1641126,6801876
13,Georgia,51,Information,2006,4361,124433,2220420,8374531
13,Georgia,52,Finance and insurance,2006,15225,179263,3069451,10757328
13,Georgia,53,Real estate and rental and leasing,2006,12328,67056,726102,2949817
13,Georgia,54,"Professional, scientific, and technical services",2006,27220,222435,3027533,12935102
13,Georgia,55,Management of companies and enterprises,2006,1532,111165,2598100,9655752
13,Georgia,56,Administrative and support and waste management and remediation services,2006,11660,355047,2371287,9890228
13,Georgia,61,Educational services,2006,2324,72189,562483,2331582
13,Georgia,62,Health care and social assistance,2006,20046,408413,3642710,15496774
13,Georgia,71,"Arts, entertainment, and recreation",2006,2755,41911,260020,1150032
13,Georgia,72,Accommodation and food services,2006,17754,354332,1106377,4653558
13,Georgia,81,Other services (except public administration),2006,20893,155931,871859,3598338
13,Georgia,99,Industries not classified,2006,661,848,3314,20999
15,Hawaii,0,Total for all sectors,2006,33118,512543,4225680,17287011
15,Hawaii,11,"Agriculture, forestry, fishing and hunting",2006,44,e,D,D
15,Hawaii,21,Mining ,2006,10,c,D,D
15,Hawaii,22,Utilities,2006,46,2808,50779,214508
15,Hawaii,23,Construction,2006,2881,32120,397845,1740944
15,Hawaii,31-33,Manufacturing,2006,953,15211,123480,507441
15,Hawaii,42,Wholesale trade,2006,1873,20799,194435,818908
15,Hawaii,44-45,Retail trade,2006,5045,72579,428918,1770009
15,Hawaii,48-49,Transportation and warehousing,2006,877,29976,254708,1031257
15,Hawaii,51,Information,2006,637,10487,134121,493933
15,Hawaii,52,Finance and insurance,2006,1640,20097,307208,1103330
15,Hawaii,53,Real estate and rental and leasing,2006,2137,16139,148408,623041
15,Hawaii,54,"Professional, scientific, and technical services",2006,3355,25820,293221,1286264
15,Hawaii,55,Management of companies and enterprises,2006,226,5684,107470,372672
15,Hawaii,56,Administrative and support and waste management and remediation services,2006,1805,41752,254437,1090532
15,Hawaii,61,Educational services,2006,530,17432,126555,530141
15,Hawaii,62,Health care and social assistance,2006,3463,61904,607285,2503184
15,Hawaii,71,"Arts, entertainment, and recreation",2006,514,12388,58636,243930
15,Hawaii,72,Accommodation and food services,2006,3530,101183,581234,2305129
15,Hawaii,81,Other services (except public administration),2006,3467,25661,152577,632678
15,Hawaii,99,Industries not classified,2006,85,b,D,D
16,Idaho,0,Total for all sectors,2006,45739,546251,4030698,17215691
16,Idaho,11,"Agriculture, forestry, fishing and hunting",2006,521,3606,23463,114705
16,Idaho,21,Mining ,2006,138,2202,24436,123416
16,Idaho,22,Utilities,2006,186,3491,61117,222749
16,Idaho,23,Construction,2006,8665,52804,409193,1958258
16,Idaho,31-33,Manufacturing,2006,1870,64212,666789,2751219
16,Idaho,42,Wholesale trade,2006,2012,23809,225724,975846
16,Idaho,44-45,Retail trade,2006,6145,80795,449695,1874867
16,Idaho,48-49,Transportation and warehousing,2006,1726,16045,113886,488375
16,Idaho,51,Information,2006,696,14343,124190,511267
16,Idaho,52,Finance and insurance,2006,2842,22162,243089,928345
16,Idaho,53,Real estate and rental and leasing,2006,2433,8414,53153,248623
16,Idaho,54,"Professional, scientific, and technical services",2006,4090,34258,351705,1497294
16,Idaho,55,Management of companies and enterprises,2006,206,9036,208215,798148
16,Idaho,56,Administrative and support and waste management and remediation services,2006,2093,47835,237216,1079740
16,Idaho,61,Educational services,2006,373,8641,37800,157738
16,Idaho,62,Health care and social assistance,2006,4304,72261,530435,2312786
16,Idaho,71,"Arts, entertainment, and recreation",2006,688,7898,24686,122223
16,Idaho,72,Accommodation and food services,2006,3317,54345,150441,643933
16,Idaho,81,Other services (except public administration),2006,3299,19910,94665,402990
16,Idaho,99,Industries not classified,2006,135,184,800,3169
17,Illinois,0,Total for all sectors,2006,321356,5357466,58405833,231106738
17,Illinois,11,"Agriculture, forestry, fishing and hunting",2006,318,1606,13746,55511
17,Illinois,21,Mining ,2006,590,10164,137120,574071
17,Illinois,22,Utilities,2006,473,26039,750450,2329508
17,Illinois,23,Construction,2006,32671,261871,3139031,14505524
17,Illinois,31-33,Manufacturing,2006,15822,666711,7626843,31246293
17,Illinois,42,Wholesale trade,2006,19847,315469,4563024,18387429
17,Illinois,44-45,Retail trade,2006,42941,652262,3712158,15411589
17,Illinois,48-49,Transportation and warehousing,2006,11188,224871,2258109,9486301
17,Illinois,51,Information,2006,5736,129050,2035291,8038674
17,Illinois,52,Finance and insurance,2006,23736,352619,8887729,27363581
17,Illinois,53,Real estate and rental and leasing,2006,13935,87547,1119366,4139300
17,Illinois,54,"Professional, scientific, and technical services",2006,39185,376748,5672313,24308041
17,Illinois,55,Management of companies and enterprises,2006,2119,159020,4580929,15625859
17,Illinois,56,Administrative and support and waste management and remediation services,2006,15918,460768,2891427,12628969
17,Illinois,61,Educational services,2006,3357,139744,1082752,4492324
17,Illinois,62,Health care and social assistance,2006,29978,702964,6248819,26672803
17,Illinois,71,"Arts, entertainment, and recreation",2006,4587,71872,432303,2065452
17,Illinois,72,Accommodation and food services,2006,25878,457399,1561732,6762211
17,Illinois,81,Other services (except public administration),2006,32444,260050,1689703,6995828
17,Illinois,99,Industries not classified,2006,633,692,2988,17470
18,Indiana,0,Total for all sectors,2006,151283,2673010,22902608,92334415
18,Indiana,11,"Agriculture, forestry, fishing and hunting",2006,244,1498,11244,49895
18,Indiana,21,Mining ,2006,350,5882,76030,326055
18,Indiana,22,Utilities,2006,522,13794,258142,946339
18,Indiana,23,Construction,2006,16354,146907,1402814,6383900
18,Indiana,31-33,Manufacturing,2006,8957,557359,6311211,24933084
18,Indiana,42,Wholesale trade,2006,8179,118402,1295238,5368633
18,Indiana,44-45,Retail trade,2006,23469,350633,1732136,7144426
18,Indiana,48-49,Transportation and warehousing,2006,5188,113377,926194,3948600
18,Indiana,51,Information,2006,2357,45342,521182,1993803
18,Indiana,52,Finance and insurance,2006,10346,111719,1572385,5626460
18,Indiana,53,Real estate and rental and leasing,2006,6276,36622,270062,1110284
18,Indiana,54,"Professional, scientific, and technical services",2006,12954,112824,1410187,5352462
18,Indiana,55,Management of companies and enterprises,2006,912,42957,1071792,3586119
18,Indiana,56,Administrative and support and waste management and remediation services,2006,7095,176391,1025584,4435217
18,Indiana,61,Educational services,2006,1452,52096,302984,1264782
18,Indiana,62,Health care and social assistance,2006,14641,366768,3061820,13024517
18,Indiana,71,"Arts, entertainment, and recreation",2006,2132,33068,224472,884453
18,Indiana,72,Accommodation and food services,2006,12562,254282,739014,3096809
18,Indiana,81,Other services (except public administration),2006,17027,132781,688575,2852146
18,Indiana,99,Industries not classified,2006,266,308,1542,6431
19,Iowa,0,Total for all sectors,2006,82698,1295258,10261027,42096840
19,Iowa,11,"Agriculture, forestry, fishing and hunting",2006,261,1536,15144,57076
19,Iowa,21,Mining ,2006,194,1964,17535,90023
19,Iowa,22,Utilities,2006,262,7869,120985,489169
19,Iowa,23,Construction,2006,8979,64574,565227,2718462
19,Iowa,31-33,Manufacturing,2006,3795,227492,2355360,9581667
19,Iowa,42,Wholesale trade,2006,4857,64474,654768,2686421
19,Iowa,44-45,Retail trade,2006,13495,181376,861468,3591201
19,Iowa,48-49,Transportation and warehousing,2006,3740,52647,444531,1868589
19,Iowa,51,Information,2006,1602,34704,358177,1440018
19,Iowa,52,Finance and insurance,2006,6026,93013,1326963,4698253
19,Iowa,53,Real estate and rental and leasing,2006,2930,14188,105759,430203
19,Iowa,54,"Professional, scientific, and technical services",2006,6260,43065,431158,1865057
19,Iowa,55,Management of companies and enterprises,2006,448,17035,324931,1131280
19,Iowa,56,Administrative and support and waste management and remediation services,2006,3464,72002,360454,1548516
19,Iowa,61,Educational services,2006,709,34920,168344,686791
19,Iowa,62,Health care and social assistance,2006,7755,194580,1524565,6571371
19,Iowa,71,"Arts, entertainment, and recreation",2006,1457,22688,90452,384381
19,Iowa,72,Accommodation and food services,2006,6906,111777,278489,1189408
19,Iowa,81,Other services (except public administration),2006,9352,55132,255932,1064685
19,Iowa,99,Industries not classified,2006,206,222,785,4269
20,Kansas,0,Total for all sectors,2006,76446,1142680,9720014,39251387
20,Kansas,11,"Agriculture, forestry, fishing and hunting",2006,193,672,3814,17908
20,Kansas,21,Mining ,2006,991,9810,111989,482102
20,Kansas,22,Utilities,2006,248,6828,112890,443999
20,Kansas,23,Construction,2006,8031,67107,600165,2700351
20,Kansas,31-33,Manufacturing,2006,3165,176444,1861871,7621873
20,Kansas,42,Wholesale trade,2006,4517,57057,639913,2592211
20,Kansas,44-45,Retail trade,2006,11367,150783,750072,3126495
20,Kansas,48-49,Transportation and warehousing,2006,2626,44373,379692,1528551
20,Kansas,51,Information,2006,1549,45244,693257,2586483
20,Kansas,52,Finance and insurance,2006,5877,59286,795791,2928931
20,Kansas,53,Real estate and rental and leasing,2006,3268,15948,112097,478811
20,Kansas,54,"Professional, scientific, and technical services",2006,7231,57742,634983,2655690
20,Kansas,55,Management of companies and enterprises,2006,542,19259,580634,1626320
20,Kansas,56,Administrative and support and waste management and remediation services,2006,3395,67478,417834,1800846
20,Kansas,61,Educational services,2006,698,17790,95589,400565
20,Kansas,62,Health care and social assistance,2006,7477,174519,1349275,5814218
20,Kansas,71,"Arts, entertainment, and recreation",2006,1080,13321,44189,201049
20,Kansas,72,Accommodation and food services,2006,5745,106234,281143,1185280
20,Kansas,81,Other services (except public administration),2006,8225,52568,254259,1055932
20,Kansas,99,Industries not classified,2006,221,217,557,3772
21,Kentucky,0,Total for all sectors,2006,92829,1552012,12212856,50224838
21,Kentucky,11,"Agriculture, forestry, fishing and hunting",2006,288,g,D,D
21,Kentucky,21,Mining ,2006,684,22665,297315,1223009
21,Kentucky,22,Utilities,2006,337,8426,169306,574263
21,Kentucky,23,Construction,2006,9256,85789,691536,3088318
21,Kentucky,31-33,Manufacturing,2006,4131,256670,2678703,10842448
21,Kentucky,42,Wholesale trade,2006,4517,69149,714221,2891433
21,Kentucky,44-45,Retail trade,2006,16485,227872,1092205,4528686
21,Kentucky,48-49,Transportation and warehousing,2006,3185,80529,793274,3377087
21,Kentucky,51,Information,2006,1650,32647,311776,1214106
21,Kentucky,52,Finance and insurance,2006,6357,67595,805132,3004598
21,Kentucky,53,Real estate and rental and leasing,2006,3810,19397,127222,535263
21,Kentucky,54,"Professional, scientific, and technical services",2006,8142,63528,610745,2603224
21,Kentucky,55,Management of companies and enterprises,2006,640,27014,608934,2161354
21,Kentucky,56,Administrative and support and waste management and remediation services,2006,3759,91667,440343,1906014
21,Kentucky,61,Educational services,2006,866,27934,137673,555630
21,Kentucky,62,Health care and social assistance,2006,10333,231177,1882266,8103816
21,Kentucky,71,"Arts, entertainment, and recreation",2006,1325,17789,73915,342501
21,Kentucky,72,Accommodation and food services,2006,7078,150307,413291,1760904
21,Kentucky,81,Other services (except public administration),2006,9742,69883,352374,1457163
21,Kentucky,99,Industries not classified,2006,244,e,D,D
22,Louisiana,0,Total for all sectors,2006,101802,1593033,13213525,55518401
22,Louisiana,11,"Agriculture, forestry, fishing and hunting",2006,683,4400,32569,138793
22,Louisiana,21,Mining ,2006,1519,49273,807896,3374471
22,Louisiana,22,Utilities,2006,594,10961,224871,775713
22,Louisiana,23,Construction,2006,9145,132693,1227147,5334565
22,Louisiana,31-33,Manufacturing,2006,3323,141459,1748085,7084902
22,Louisiana,42,Wholesale trade,2006,5533,72015,782941,3311837
22,Louisiana,44-45,Retail trade,2006,16691,230212,1227744,5113606
22,Louisiana,48-49,Transportation and warehousing,2006,3755,63047,637021,2752908
22,Louisiana,51,Information,2006,1433,30271,351994,1351292
22,Louisiana,52,Finance and insurance,2006,7606,63751,763994,2967725
22,Louisiana,53,Real estate and rental and leasing,2006,4514,32261,300459,1258732
22,Louisiana,54,"Professional, scientific, and technical services",2006,11057,85586,884575,4042131
22,Louisiana,55,Management of companies and enterprises,2006,564,16692,335069,1251625
22,Louisiana,56,Administrative and support and waste management and remediation services,2006,4399,110565,691390,2901170
22,Louisiana,61,Educational services,2006,969,32208,218795,893873
22,Louisiana,62,Health care and social assistance,2006,11179,252970,1887882,8334745
22,Louisiana,71,"Arts, entertainment, and recreation",2006,1278,25441,172896,740275
22,Louisiana,72,Accommodation and food services,2006,7601,165998,534242,2266015
22,Louisiana,81,Other services (except public administration),2006,9694,72890,382547,1615737
22,Louisiana,99,Industries not classified,2006,265,340,1408,8286
23,Maine,0,Total for all sectors,2006,42038,508163,3995105,16664977
23,Maine,11,"Agriculture, forestry, fishing and hunting",2006,763,3835,35745,137014
23,Maine,21,Mining ,2006,31,c,D,D
23,Maine,22,Utilities,2006,96,g,D,D
23,Maine,23,Construction,2006,5567,28862,238069,1117040
23,Maine,31-33,Manufacturing,2006,1800,59322,586784,2446799
23,Maine,42,Wholesale trade,2006,1644,19170,208390,832097
23,Maine,44-45,Retail trade,2006,6980,84934,451362,1899144
23,Maine,48-49,Transportation and warehousing,2006,1269,14487,117288,498045
23,Maine,51,Information,2006,775,12216,126327,495969
23,Maine,52,Finance and insurance,2006,1970,28135,371778,1283608
23,Maine,53,Real estate and rental and leasing,2006,1739,6899,45411,203213
23,Maine,54,"Professional, scientific, and technical services",2006,3545,23974,256968,1142682
23,Maine,55,Management of companies and enterprises,2006,194,7067,130689,469652
23,Maine,56,Administrative and support and waste management and remediation services,2006,1930,27825,202532,843214
23,Maine,61,Educational services,2006,468,13812,84651,352142
23,Maine,62,Health care and social assistance,2006,4734,101078,824177,3496779
23,Maine,71,"Arts, entertainment, and recreation",2006,886,6992,27843,135347
23,Maine,72,Accommodation and food services,2006,3892,47104,148738,758006
23,Maine,81,Other services (except public administration),2006,3656,19990,101659,421472
23,Maine,99,Industries not classified,2006,99,b,D,D
24,Maryland,0,Total for all sectors,2006,140292,2232215,23167083,93718780
24,Maryland,11,"Agriculture, forestry, fishing and hunting",2006,210,937,6817,28484
24,Maryland,21,Mining ,2006,96,1814,20305,81534
24,Maryland,22,Utilities,2006,117,9893,352210,971758
24,Maryland,23,Construction,2006,17111,196688,2102071,8919467
24,Maryland,31-33,Manufacturing,2006,3633,131108,1636560,6614043
24,Maryland,42,Wholesale trade,2006,6057,98316,1338106,5466431
24,Maryland,44-45,Retail trade,2006,19590,307080,1805351,7543790
24,Maryland,48-49,Transportation and warehousing,2006,3747,68080,607083,2511726
24,Maryland,51,Information,2006,2625,61372,967898,3588901
24,Maryland,52,Finance and insurance,2006,8466,125459,2494303,8796054
24,Maryland,53,Real estate and rental and leasing,2006,6654,50215,564710,2269518
24,Maryland,54,"Professional, scientific, and technical services",2006,19507,228100,3428541,14511280
24,Maryland,55,Management of companies and enterprises,2006,817,50965,1340675,4798250
24,Maryland,56,Administrative and support and waste management and remediation services,2006,7961,176588,1261211,5482713
24,Maryland,61,Educational services,2006,1870,67201,616383,2312923
24,Maryland,62,Health care and social assistance,2006,15039,310520,2967602,12642717
24,Maryland,71,"Arts, entertainment, and recreation",2006,2165,37338,207402,940931
24,Maryland,72,Accommodation and food services,2006,10429,193867,654214,2895919
24,Maryland,81,Other services (except public administration),2006,13835,116200,793527,3332454
24,Maryland,99,Industries not classified,2006,363,474,2114,9887
25,Massachusetts,0,Total for all sectors,2006,175463,3044080,37186738,148086017
25,Massachusetts,11,"Agriculture, forestry, fishing and hunting",2006,423,1178,6464,31136
25,Massachusetts,21,Mining ,2006,95,1247,16176,77468
25,Massachusetts,22,Utilities,2006,252,12200,265160,994998
25,Massachusetts,23,Construction,2006,19469,132559,1603996,7371503
25,Massachusetts,31-33,Manufacturing,2006,7680,275180,3925651,15696243
25,Massachusetts,42,Wholesale trade,2006,8655,144638,2412580,9924237
25,Massachusetts,44-45,Retail trade,2006,25625,368028,2224595,9263247
25,Massachusetts,48-49,Transportation and warehousing,2006,3729,77550,705862,2970141
25,Massachusetts,51,Information,2006,3728,118145,1997471,7751150
25,Massachusetts,52,Finance and insurance,2006,9836,211046,6138069,19672861
25,Massachusetts,53,Real estate and rental and leasing,2006,7107,48917,606342,2498584
25,Massachusetts,54,"Professional, scientific, and technical services",2006,22215,260770,4973122,20219705
25,Massachusetts,55,Management of companies and enterprises,2006,1001,103788,2165722,8371626
25,Massachusetts,56,Administrative and support and waste management and remediation services,2006,9320,186355,1567310,6700850
25,Massachusetts,61,Educational services,2006,2487,182257,1502671,6239085
25,Massachusetts,62,Health care and social assistance,2006,17371,499919,4994410,21082419
25,Massachusetts,71,"Arts, entertainment, and recreation",2006,3063,48761,317597,1503945
25,Massachusetts,72,Accommodation and food services,2006,15500,247654,964880,4335245
25,Massachusetts,81,Other services (except public administration),2006,16787,122149,789582,3329163
25,Massachusetts,99,Industries not classified,2006,1120,1739,9078,52411
26,Michigan,0,Total for all sectors,2006,235750,3819537,37399189,151504380
26,Michigan,11,"Agriculture, forestry, fishing and hunting",2006,570,3073,22425,92526
26,Michigan,21,Mining ,2006,438,5937,77227,340349
26,Michigan,22,Utilities,2006,389,23521,483742,1662216
26,Michigan,23,Construction,2006,24883,156318,1581867,7343055
26,Michigan,31-33,Manufacturing,2006,13740,614888,7833949,30905187
26,Michigan,42,Wholesale trade,2006,11785,173601,2304005,9337832
26,Michigan,44-45,Retail trade,2006,38102,489183,2514078,10428674
26,Michigan,48-49,Transportation and warehousing,2006,5611,105341,1024264,4179675
26,Michigan,51,Information,2006,3869,81810,1159863,4490290
26,Michigan,52,Finance and insurance,2006,14210,167343,2384325,8659620
26,Michigan,53,Real estate and rental and leasing,2006,9099,59345,448541,1837058
26,Michigan,54,"Professional, scientific, and technical services",2006,22727,302222,4582820,18992195
26,Michigan,55,Management of companies and enterprises,2006,1525,118250,2991146,10698704
26,Michigan,56,Administrative and support and waste management and remediation services,2006,12628,341956,2597997,10933114
26,Michigan,61,Educational services,2006,2134,66814,377745,1531411
26,Michigan,62,Health care and social assistance,2006,25356,541170,4749360,20439729
26,Michigan,71,"Arts, entertainment, and recreation",2006,3583,54564,346927,1580187
26,Michigan,72,Accommodation and food services,2006,19198,338092,948012,4040346
26,Michigan,81,Other services (except public administration),2006,24618,173930,962427,3964184
26,Michigan,99,Industries not classified,2006,1285,2179,8469,48028
27,Minnesota,0,Total for all sectors,2006,151150,2476354,25018588,100645287
27,Minnesota,11,"Agriculture, forestry, fishing and hunting",2006,449,2188,16139,63752
27,Minnesota,21,Mining ,2006,153,5025,86397,367619
27,Minnesota,22,Utilities,2006,275,11646,243583,860628
27,Minnesota,23,Construction,2006,18206,126560,1406131,6807015
27,Minnesota,31-33,Manufacturing,2006,7935,336776,3921082,15787627
27,Minnesota,42,Wholesale trade,2006,8646,136824,2074429,8438012
27,Minnesota,44-45,Retail trade,2006,20868,312998,1700628,7164549
27,Minnesota,48-49,Transportation and warehousing,2006,4726,77943,720160,2884179
27,Minnesota,51,Information,2006,2738,62171,913935,3430586
27,Minnesota,52,Finance and insurance,2006,10172,152310,3362002,10674976
27,Minnesota,53,Real estate and rental and leasing,2006,7210,38956,317542,1306157
27,Minnesota,54,"Professional, scientific, and technical services",2006,16754,138683,1892303,8158990
27,Minnesota,55,Management of companies and enterprises,2006,1054,102266,2079887,8170219
27,Minnesota,56,Administrative and support and waste management and remediation services,2006,7095,147928,1028090,4371391
27,Minnesota,61,Educational services,2006,1717,59162,321617,1351861
27,Minnesota,62,Health care and social assistance,2006,13706,390109,3381755,14307275
27,Minnesota,71,"Arts, entertainment, and recreation",2006,2698,40325,266469,1089769
27,Minnesota,72,Accommodation and food services,2006,10912,217588,679704,2901562
27,Minnesota,81,Other services (except public administration),2006,15337,116369,604464,2494831
27,Minnesota,99,Industries not classified,2006,499,527,2271,14289
28,Mississippi,0,Total for all sectors,2006,60590,940609,6673253,27439442
28,Mississippi,11,"Agriculture, forestry, fishing and hunting",2006,798,i,D,D
28,Mississippi,21,Mining ,2006,319,4240,53787,238517
28,Mississippi,22,Utilities,2006,590,8444,167940,543738
28,Mississippi,23,Construction,2006,5196,54762,449795,2000606
28,Mississippi,31-33,Manufacturing,2006,2585,172656,1485072,5875896
28,Mississippi,42,Wholesale trade,2006,2918,37852,351615,1476862
28,Mississippi,44-45,Retail trade,2006,12248,149045,726688,2974920
28,Mississippi,48-49,Transportation and warehousing,2006,2352,33031,272145,1136284
28,Mississippi,51,Information,2006,1071,17136,164722,642159
28,Mississippi,52,Finance and insurance,2006,4617,34550,365577,1417183
28,Mississippi,53,Real estate and rental and leasing,2006,2411,10814,67230,287520
28,Mississippi,54,"Professional, scientific, and technical services",2006,4675,32634,317944,1379008
28,Mississippi,55,Management of companies and enterprises,2006,294,8924,123283,467309
28,Mississippi,56,Administrative and support and waste management and remediation services,2006,2223,49315,234468,992817
28,Mississippi,61,Educational services,2006,563,17381,84919,333937
28,Mississippi,62,Health care and social assistance,2006,5683,143368,1176326,4997068
28,Mississippi,71,"Arts, entertainment, and recreation",2006,654,8151,31341,160591
28,Mississippi,72,Accommodation and food services,2006,4608,112012,374373,1575194
28,Mississippi,81,Other services (except public administration),2006,6631,40829,189487,787510
28,Mississippi,99,Industries not classified,2006,154,c,D,D
29,Missouri,0,Total for all sectors,2006,154546,2468035,21743143,87735211
29,Missouri,11,"Agriculture, forestry, fishing and hunting",2006,257,1599,9065,42803
29,Missouri,21,Mining ,2006,290,3989,47293,188728
29,Missouri,22,Utilities,2006,393,16312,323273,1176104
29,Missouri,23,Construction,2006,17007,154628,1546526,6629988
29,Missouri,31-33,Manufacturing,2006,6885,305447,3218950,12983861
29,Missouri,42,Wholesale trade,2006,8259,127755,1361850,5504284
29,Missouri,44-45,Retail trade,2006,23299,326498,1705784,7041920
29,Missouri,48-49,Transportation and warehousing,2006,5041,88083,779229,3237061
29,Missouri,51,Information,2006,2599,69545,1007917,3628046
29,Missouri,52,Finance and insurance,2006,10874,136916,2147839,7331686
29,Missouri,53,Real estate and rental and leasing,2006,6935,42526,323894,1388185
29,Missouri,54,"Professional, scientific, and technical services",2006,13798,137901,1758733,7448468
29,Missouri,55,Management of companies and enterprises,2006,1258,71315,1576201,5738629
29,Missouri,56,Administrative and support and waste management and remediation services,2006,7282,157337,915086,3954732
29,Missouri,61,Educational services,2006,1498,64810,467421,1950657
29,Missouri,62,Health care and social assistance,2006,15435,362926,2941774,12476845
29,Missouri,71,"Arts, entertainment, and recreation",2006,2127,38000,250514,1229331
29,Missouri,72,Accommodation and food services,2006,11968,239793,705285,3049350
29,Missouri,81,Other services (except public administration),2006,16348,120644,652643,2714542
29,Missouri,99,Industries not classified,2006,2993,2011,3866,19991
30,Montana,0,Total for all sectors,2006,36649,342526,2290916,9838585
30,Montana,11,"Agriculture, forestry, fishing and hunting",2006,399,1580,13058,56146
30,Montana,21,Mining ,2006,310,5863,94126,393325
30,Montana,22,Utilities,2006,217,2744,47757,177134
30,Montana,23,Construction,2006,5769,26879,205619,1039585
30,Montana,31-33,Manufacturing,2006,1274,19878,185355,763480
30,Montana,42,Wholesale trade,2006,1480,14643,141402,568710
30,Montana,44-45,Retail trade,2006,5192,57949,295061,1261262
30,Montana,48-49,Transportation and warehousing,2006,1249,10339,74690,327580
30,Montana,51,Information,2006,622,7804,72598,305276
30,Montana,52,Finance and insurance,2006,1982,16993,168791,664170
30,Montana,53,Real estate and rental and leasing,2006,1841,5958,34552,155405
30,Montana,54,"Professional, scientific, and technical services",2006,3412,22677,182288,816215
30,Montana,55,Management of companies and enterprises,2006,116,2469,37285,135226
30,Montana,56,Administrative and support and waste management and remediation services,2006,1548,14399,64824,299205
30,Montana,61,Educational services,2006,309,5284,25886,105325
30,Montana,62,Health care and social assistance,2006,3262,57188,427970,1806169
30,Montana,71,"Arts, entertainment, and recreation",2006,1119,10323,33332,144294
30,Montana,72,Accommodation and food services,2006,3375,44624,116291,523070
30,Montana,81,Other services (except public administration),2006,3074,14786,69594,294101
30,Montana,99,Industries not classified,2006,99,146,437,2907
31,Nebraska,0,Total for all sectors,2006,51906,789231,6267345,25743159
31,Nebraska,11,"Agriculture, forestry, fishing and hunting",2006,167,f,D,D
31,Nebraska,21,Mining ,2006,130,935,7951,38172
31,Nebraska,22,Utilities,2006,128,1167,69799,169623
31,Nebraska,23,Construction,2006,6058,43114,361252,1594030
31,Nebraska,31-33,Manufacturing,2006,1996,105416,936792,3789275
31,Nebraska,42,Wholesale trade,2006,2956,37859,391530,1690629
31,Nebraska,44-45,Retail trade,2006,7981,108719,529117,2204032
31,Nebraska,48-49,Transportation and warehousing,2006,2303,29329,269970,1100251
31,Nebraska,51,Information,2006,925,19444,203936,800366
31,Nebraska,52,Finance and insurance,2006,4044,59095,764575,2859987
31,Nebraska,53,Real estate and rental and leasing,2006,1991,10474,71661,306326
31,Nebraska,54,"Professional, scientific, and technical services",2006,4239,46376,527317,2282234
31,Nebraska,55,Management of companies and enterprises,2006,329,16612,347177,1326743
31,Nebraska,56,Administrative and support and waste management and remediation services,2006,2517,65512,389164,1656713
31,Nebraska,61,Educational services,2006,508,16424,95791,404093
31,Nebraska,62,Health care and social assistance,2006,4748,112008,910153,3883371
31,Nebraska,71,"Arts, entertainment, and recreation",2006,855,10823,33970,156551
31,Nebraska,72,Accommodation and food services,2006,4159,68237,171906,717528
31,Nebraska,81,Other services (except public administration),2006,5745,36797,178621,731682
31,Nebraska,99,Industries not classified,2006,127,c,D,D
32,Nevada,0,Total for all sectors,2006,61164,1165375,10101166,41743174
32,Nevada,11,"Agriculture, forestry, fishing and hunting",2006,46,187,1038,5007
32,Nevada,21,Mining ,2006,212,10610,165835,712413
32,Nevada,22,Utilities,2006,106,5020,113630,427029
32,Nevada,23,Construction,2006,5931,139482,1404301,5880538
32,Nevada,31-33,Manufacturing,2006,1933,46747,493271,2075064
32,Nevada,42,Wholesale trade,2006,2919,38980,511063,1967146
32,Nevada,44-45,Retail trade,2006,8304,142965,915518,3804955
32,Nevada,48-49,Transportation and warehousing,2006,1529,44682,325997,1349452
32,Nevada,51,Information,2006,1152,15800,203627,830862
32,Nevada,52,Finance and insurance,2006,4656,40161,538226,2069353
32,Nevada,53,Real estate and rental and leasing,2006,4706,30248,269972,1158909
32,Nevada,54,"Professional, scientific, and technical services",2006,7837,58756,727890,3216494
32,Nevada,55,Management of companies and enterprises,2006,659,13893,357526,1244313
32,Nevada,56,Administrative and support and waste management and remediation services,2006,4099,102249,638207,2705583
32,Nevada,61,Educational services,2006,586,7782,51201,220305
32,Nevada,62,Health care and social assistance,2006,5520,90231,927913,3965055
32,Nevada,71,"Arts, entertainment, and recreation",2006,1282,28861,171392,755524
32,Nevada,72,Accommodation and food services,2006,5264,312929,2061307,8417474
32,Nevada,81,Other services (except public administration),2006,4178,35501,221743,928629
32,Nevada,99,Industries not classified,2006,245,291,1509,9069
33,New Hampshire,0,Total for all sectors,2006,39376,577415,5236145,21897917
33,New Hampshire,11,"Agriculture, forestry, fishing and hunting",2006,150,f,D,D
33,New Hampshire,21,Mining ,2006,42,e,D,D
33,New Hampshire,22,Utilities,2006,104,3278,63519,229120
33,New Hampshire,23,Construction,2006,4904,29085,290221,1386356
33,New Hampshire,31-33,Manufacturing,2006,2139,76358,907997,3745751
33,New Hampshire,42,Wholesale trade,2006,1965,24880,353811,1414229
33,New Hampshire,44-45,Retail trade,2006,6657,100490,575623,2412271
33,New Hampshire,48-49,Transportation and warehousing,2006,835,12497,97317,418644
33,New Hampshire,51,Information,2006,772,13812,213419,856061
33,New Hampshire,52,Finance and insurance,2006,2003,29013,456120,1687499
33,New Hampshire,53,Real estate and rental and leasing,2006,1590,7840,61665,271553
33,New Hampshire,54,"Professional, scientific, and technical services",2006,4086,30165,393496,1756175
33,New Hampshire,55,Management of companies and enterprises,2006,190,8889,196932,758731
33,New Hampshire,56,Administrative and support and waste management and remediation services,2006,2100,41132,341644,1472713
33,New Hampshire,61,Educational services,2006,577,27508,164831,681908
33,New Hampshire,62,Health care and social assistance,2006,3386,82414,748589,3155449
33,New Hampshire,71,"Arts, entertainment, and recreation",2006,757,10317,40346,210554
33,New Hampshire,72,Accommodation and food services,2006,3407,55682,186589,829914
33,New Hampshire,81,Other services (except public administration),2006,3633,23022,135041,571641
33,New Hampshire,99,Industries not classified,2006,79,b,D,D
34,New Jersey,0,Total for all sectors,2006,243055,3645381,44954147,175501555
34,New Jersey,11,"Agriculture, forestry, fishing and hunting",2006,232,1143,6429,28711
34,New Jersey,21,Mining ,2006,112,2384,33901,147869
34,New Jersey,22,Utilities,2006,338,18000,474747,1629224
34,New Jersey,23,Construction,2006,25486,181404,2190914,9887851
34,New Jersey,31-33,Manufacturing,2006,9346,297021,3882284,15590977
34,New Jersey,42,Wholesale trade,2006,16012,271190,4487188,17776046
34,New Jersey,44-45,Retail trade,2006,34925,461645,2829034,11840330
34,New Jersey,48-49,Transportation and warehousing,2006,7266,170735,1653282,6920582
34,New Jersey,51,Information,2006,4118,113331,2234940,8022667
34,New Jersey,52,Finance and insurance,2006,13467,227612,6030109,18393147
34,New Jersey,53,Real estate and rental and leasing,2006,9671,62474,714912,2863080
34,New Jersey,54,"Professional, scientific, and technical services",2006,31674,295055,4961115,20759533
34,New Jersey,55,Management of companies and enterprises,2006,1447,165172,5280382,18320418
34,New Jersey,56,Administrative and support and waste management and remediation services,2006,13371,306226,2150982,9226539
34,New Jersey,61,Educational services,2006,3128,90631,707356,2872882
34,New Jersey,62,Health care and social assistance,2006,25292,494382,4793691,20462346
34,New Jersey,71,"Arts, entertainment, and recreation",2006,3575,47151,274518,1243557
34,New Jersey,72,Accommodation and food services,2006,18881,284905,1251228,5386628
34,New Jersey,81,Other services (except public administration),2006,23773,154214,993895,4108255
34,New Jersey,99,Industries not classified,2006,941,706,3240,20913
35,New Mexico,0,Total for all sectors,2006,45940,628681,4750355,19844355
35,New Mexico,11,"Agriculture, forestry, fishing and hunting",2006,96,529,3692,16266
35,New Mexico,21,Mining ,2006,684,18067,239573,1059605
35,New Mexico,22,Utilities,2006,223,4141,63167,246654
35,New Mexico,23,Construction,2006,5702,56900,434404,1917739
35,New Mexico,31-33,Manufacturing,2006,1518,35250,346121,1446298
35,New Mexico,42,Wholesale trade,2006,1991,21844,210041,876064
35,New Mexico,44-45,Retail trade,2006,7260,100362,551250,2271555
35,New Mexico,48-49,Transportation and warehousing,2006,1325,15872,129926,559789
35,New Mexico,51,Information,2006,796,12288,118708,481390
35,New Mexico,52,Finance and insurance,2006,2857,25441,291555,1117696
35,New Mexico,53,Real estate and rental and leasing,2006,2530,10964,76641,327475
35,New Mexico,54,"Professional, scientific, and technical services",2006,4807,38700,450320,1902813
35,New Mexico,55,Management of companies and enterprises,2006,233,13831,251282,868422
35,New Mexico,56,Administrative and support and waste management and remediation services,2006,1890,44961,246742,1073144
35,New Mexico,61,Educational services,2006,573,9311,60245,240056
35,New Mexico,62,Health care and social assistance,2006,4574,97771,823682,3508609
35,New Mexico,71,"Arts, entertainment, and recreation",2006,676,14340,68424,295428
35,New Mexico,72,Accommodation and food services,2006,3962,80849,244129,1041546
35,New Mexico,81,Other services (except public administration),2006,4094,27072,139733,589811
35,New Mexico,99,Industries not classified,2006,149,188,720,3995
36,New York,0,Total for all sectors,2006,515950,7532764,116101215,398192315
36,New York,11,"Agriculture, forestry, fishing and hunting",2006,598,5032,35807,150482
36,New York,21,Mining ,2006,395,4334,52309,260219
36,New York,22,Utilities,2006,588,40378,930729,3517249
36,New York,23,Construction,2006,47089,319107,3681354,17169699
36,New York,31-33,Manufacturing,2006,18812,551471,6132017,24831985
36,New York,42,Wholesale trade,2006,34864,405236,5585513,23057749
36,New York,44-45,Retail trade,2006,76982,901418,5340533,22552518
36,New York,48-49,Transportation and warehousing,2006,11920,234630,2122409,8874923
36,New York,51,Information,2006,11344,289485,6113980,22109452
36,New York,52,Finance and insurance,2006,28904,577925,40551221,93112281
36,New York,53,Real estate and rental and leasing,2006,32488,173907,1993410,7946776
36,New York,54,"Professional, scientific, and technical services",2006,58818,599549,10295867,42983090
36,New York,55,Management of companies and enterprises,2006,2448,183927,7343330,21986651
36,New York,56,Administrative and support and waste management and remediation services,2006,23955,513029,4622807,18572388
36,New York,61,Educational services,2006,6334,343791,2817430,11570614
36,New York,62,Health care and social assistance,2006,52743,1318154,12399873,52593486
36,New York,71,"Arts, entertainment, and recreation",2006,10902,141736,1103577,5622301
36,New York,72,Accommodation and food services,2006,42493,568869,2460114,10751249
36,New York,81,Other services (except public administration),2006,52276,358714,2506989,10460785
36,New York,99,Industries not classified,2006,1997,2072,11946,68418
37,North Carolina,0,Total for all sectors,2006,222431,3524814,31186793,124107206
37,North Carolina,11,"Agriculture, forestry, fishing and hunting",2006,884,h,D,D
37,North Carolina,21,Mining ,2006,208,3430,40436,158922
37,North Carolina,22,Utilities,2006,370,19815,393116,1336665
37,North Carolina,23,Construction,2006,27855,242148,2070430,9061401
37,North Carolina,31-33,Manufacturing,2006,10130,535689,5202778,20683093
37,North Carolina,42,Wholesale trade,2006,11983,170298,2086359,8431335
37,North Carolina,44-45,Retail trade,2006,36148,467113,2484014,10292217
37,North Carolina,48-49,Transportation and warehousing,2006,5904,118153,1009886,4190448
37,North Carolina,51,Information,2006,3422,74836,1060218,4009848
37,North Carolina,52,Finance and insurance,2006,13579,185335,3678196,11805931
37,North Carolina,53,Real estate and rental and leasing,2006,10883,54897,465680,1947949
37,North Carolina,54,"Professional, scientific, and technical services",2006,22054,196323,2767220,11047021
37,North Carolina,55,Management of companies and enterprises,2006,1319,71887,1631574,5474834
37,North Carolina,56,Administrative and support and waste management and remediation services,2006,11095,278485,1632492,6966210
37,North Carolina,61,Educational services,2006,2126,78011,595018,2485714
37,North Carolina,62,Health care and social assistance,2006,20624,487956,4001213,17327701
37,North Carolina,71,"Arts, entertainment, and recreation",2006,3325,51431,291432,1338232
37,North Carolina,72,Accommodation and food services,2006,17491,331448,973404,4214617
37,North Carolina,81,Other services (except public administration),2006,22233,151606,764916,3175071
37,North Carolina,99,Industries not classified,2006,798,f,D,D
38,North Dakota,0,Total for all sectors,2006,21332,278423,1971891,8399587
38,North Dakota,11,"Agriculture, forestry, fishing and hunting",2006,137,f,D,D
38,North Dakota,21,Mining ,2006,192,5084,74041,356439
38,North Dakota,22,Utilities,2006,119,3304,66952,237734
38,North Dakota,23,Construction,2006,2384,16395,135274,710327
38,North Dakota,31-33,Manufacturing,2006,744,25584,229247,916398
38,North Dakota,42,Wholesale trade,2006,1476,17171,165890,687656
38,North Dakota,44-45,Retail trade,2006,3419,44748,216588,914057
38,North Dakota,48-49,Transportation and warehousing,2006,1068,9987,78731,327932
38,North Dakota,51,Information,2006,371,7344,69191,306827
38,North Dakota,52,Finance and insurance,2006,1603,15261,150866,608321
38,North Dakota,53,Real estate and rental and leasing,2006,764,3494,19664,86060
38,North Dakota,54,"Professional, scientific, and technical services",2006,1440,11972,106038,464942
38,North Dakota,55,Management of companies and enterprises,2006,96,2799,44944,152320
38,North Dakota,56,Administrative and support and waste management and remediation services,2006,883,12081,59317,248931
38,North Dakota,61,Educational services,2006,156,4595,20838,82430
38,North Dakota,62,Health care and social assistance,2006,1736,51191,388848,1674602
38,North Dakota,71,"Arts, entertainment, and recreation",2006,417,h,D,D
38,North Dakota,72,Accommodation and food services,2006,1785,29104,72605,313826
38,North Dakota,81,Other services (except public administration),2006,2420,13514,57296,240679
38,North Dakota,99,Industries not classified,2006,122,b,D,D
39,Ohio,0,Total for all sectors,2006,269914,4825510,43686840,176074839
39,Ohio,11,"Agriculture, forestry, fishing and hunting",2006,276,1426,8213,35265
39,Ohio,21,Mining ,2006,787,9853,115579,485695
39,Ohio,22,Utilities,2006,595,26266,698864,2140905
39,Ohio,23,Construction,2006,25502,218662,2082344,9584447
39,Ohio,31-33,Manufacturing,2006,16401,787946,8968714,36124518
39,Ohio,42,Wholesale trade,2006,15437,238386,2853721,11618041
39,Ohio,44-45,Retail trade,2006,40312,608800,3094884,12795239
39,Ohio,48-49,Transportation and warehousing,2006,7562,174327,1616885,6665712
39,Ohio,51,Information,2006,4207,98987,1316214,5221637
39,Ohio,52,Finance and insurance,2006,18963,270251,4331931,14781851
39,Ohio,53,Real estate and rental and leasing,2006,10631,67775,569135,2279482
39,Ohio,54,"Professional, scientific, and technical services",2006,25636,250095,3159886,13261589
39,Ohio,55,Management of companies and enterprises,2006,2043,153766,3321462,11854925
39,Ohio,56,Administrative and support and waste management and remediation services,2006,13747,356234,2117650,9036980
39,Ohio,61,Educational services,2006,2835,104997,639858,2598352
39,Ohio,62,Health care and social assistance,2006,27212,730349,6052107,25960929
39,Ohio,71,"Arts, entertainment, and recreation",2006,4061,59624,371666,1728133
39,Ohio,72,Accommodation and food services,2006,23410,440755,1184401,5011134
39,Ohio,81,Other services (except public administration),2006,29728,226375,1180803,4872496
39,Ohio,99,Industries not classified,2006,569,636,2523,17509
40,Oklahoma,0,Total for all sectors,2006,89628,1276921,10251821,41356648
40,Oklahoma,11,"Agriculture, forestry, fishing and hunting",2006,162,985,6222,25997
40,Oklahoma,21,Mining ,2006,2576,36961,856052,2841871
40,Oklahoma,22,Utilities,2006,396,9045,163853,551676
40,Oklahoma,23,Construction,2006,8517,69149,529070,2377587
40,Oklahoma,31-33,Manufacturing,2006,3915,142148,1436280,5871367
40,Oklahoma,42,Wholesale trade,2006,4583,61012,663722,2656013
40,Oklahoma,44-45,Retail trade,2006,13493,175630,873069,3595127
40,Oklahoma,48-49,Transportation and warehousing,2006,2630,39338,346706,1445853
40,Oklahoma,51,Information,2006,1558,33314,342881,1351314
40,Oklahoma,52,Finance and insurance,2006,6534,61083,644474,2495149
40,Oklahoma,53,Real estate and rental and leasing,2006,3878,22419,165610,698670
40,Oklahoma,54,"Professional, scientific, and technical services",2006,9070,69567,696389,3013746
40,Oklahoma,55,Management of companies and enterprises,2006,575,34399,729235,2495291
40,Oklahoma,56,Administrative and support and waste management and remediation services,2006,4057,100479,562678,2339507
40,Oklahoma,61,Educational services,2006,666,17536,92921,384285
40,Oklahoma,62,Health care and social assistance,2006,10001,193346,1440226,6225221
40,Oklahoma,71,"Arts, entertainment, and recreation",2006,1054,20027,90119,395940
40,Oklahoma,72,Accommodation and food services,2006,6699,127600,324225,1376747
40,Oklahoma,81,Other services (except public administration),2006,9021,62697,287476,1210406
40,Oklahoma,99,Industries not classified,2006,243,186,613,4881
41,Oregon,0,Total for all sectors,2006,110684,1461664,13012456,53563190
41,Oregon,11,"Agriculture, forestry, fishing and hunting",2006,1455,12583,105116,449990
41,Oregon,21,Mining ,2006,176,1939,21593,94495
41,Oregon,22,Utilities,2006,271,7990,154724,608679
41,Oregon,23,Construction,2006,14490,96718,895958,4142953
41,Oregon,31-33,Manufacturing,2006,5632,188896,2066350,8368306
41,Oregon,42,Wholesale trade,2006,5681,77393,976132,3875626
41,Oregon,44-45,Retail trade,2006,14522,208077,1206322,5029887
41,Oregon,48-49,Transportation and warehousing,2006,3134,54819,511512,2026664
41,Oregon,51,Information,2006,1968,37553,500542,2006038
41,Oregon,52,Finance and insurance,2006,6576,68502,1016635,3712668
41,Oregon,53,Real estate and rental and leasing,2006,6414,32260,241228,1010688
41,Oregon,54,"Professional, scientific, and technical services",2006,11235,79754,949594,4023807
41,Oregon,55,Management of companies and enterprises,2006,564,41278,927910,3379119
41,Oregon,56,Administrative and support and waste management and remediation services,2006,5207,95419,548512,2388234
41,Oregon,61,Educational services,2006,1244,37757,228822,971587
41,Oregon,62,Health care and social assistance,2006,10918,186663,1711868,7387890
41,Oregon,71,"Arts, entertainment, and recreation",2006,1602,24432,115743,490400
41,Oregon,72,Accommodation and food services,2006,9756,145702,474755,2093443
41,Oregon,81,Other services (except public administration),2006,9323,63346,357585,1493030
41,Oregon,99,Industries not classified,2006,516,583,1555,9686
42,Pennsylvania,0,Total for all sectors,2006,304058,5189949,49891166,200537253
42,Pennsylvania,11,"Agriculture, forestry, fishing and hunting",2006,526,2679,16948,71408
42,Pennsylvania,21,Mining ,2006,945,18290,244321,1035487
42,Pennsylvania,22,Utilities,2006,679,31475,810511,2721187
42,Pennsylvania,23,Construction,2006,29701,257300,2669349,12214188
42,Pennsylvania,31-33,Manufacturing,2006,15430,663812,7464591,29913140
42,Pennsylvania,42,Wholesale trade,2006,15805,241755,3104407,12600159
42,Pennsylvania,44-45,Retail trade,2006,46660,679188,3582029,14873208
42,Pennsylvania,48-49,Transportation and warehousing,2006,7958,208113,1689136,6899238
42,Pennsylvania,51,Information,2006,5396,129718,1966971,7242318
42,Pennsylvania,52,Finance and insurance,2006,19551,306427,5644337,18997048
42,Pennsylvania,53,Real estate and rental and leasing,2006,9867,69069,620612,2596404
42,Pennsylvania,54,"Professional, scientific, and technical services",2006,29942,316047,4702923,19624584
42,Pennsylvania,55,Management of companies and enterprises,2006,2069,129545,3424994,12246576
42,Pennsylvania,56,Administrative and support and waste management and remediation services,2006,14346,306181,1903301,8205328
42,Pennsylvania,61,Educational services,2006,3268,231686,1712769,7106606
42,Pennsylvania,62,Health care and social assistance,2006,34707,860829,7317005,31205707
42,Pennsylvania,71,"Arts, entertainment, and recreation",2006,4678,77828,428632,2042618
42,Pennsylvania,72,Accommodation and food services,2006,26218,411031,1254407,5419937
42,Pennsylvania,81,Other services (except public administration),2006,35801,248483,1332013,5511081
42,Pennsylvania,99,Industries not classified,2006,511,493,1910,11031
44,Rhode Island,0,Total for all sectors,2006,30398,440797,4179423,17072822
44,Rhode Island,11,"Agriculture, forestry, fishing and hunting",2006,49,c,D,D
44,Rhode Island,21,Mining ,2006,24,c,D,D
44,Rhode Island,22,Utilities,2006,36,g,D,D
44,Rhode Island,23,Construction,2006,3722,21915,232188,1103537
44,Rhode Island,31-33,Manufacturing,2006,1861,54061,589201,2362712
44,Rhode Island,42,Wholesale trade,2006,1436,18883,230372,947272
44,Rhode Island,44-45,Retail trade,2006,4182,56145,372930,1486712
44,Rhode Island,48-49,Transportation and warehousing,2006,697,9800,76076,332113
44,Rhode Island,51,Information,2006,410,9346,112147,414420
44,Rhode Island,52,Finance and insurance,2006,1586,32524,537465,1892452
44,Rhode Island,53,Real estate and rental and leasing,2006,1225,6735,55998,237206
44,Rhode Island,54,"Professional, scientific, and technical services",2006,3198,21987,266322,1150889
44,Rhode Island,55,Management of companies and enterprises,2006,128,10682,343206,1287031
44,Rhode Island,56,Administrative and support and waste management and remediation services,2006,1704,22815,135920,613808
44,Rhode Island,61,Educational services,2006,387,22661,172823,722185
44,Rhode Island,62,Health care and social assistance,2006,3233,82430,718729,3050162
44,Rhode Island,71,"Arts, entertainment, and recreation",2006,537,7299,38788,187440
44,Rhode Island,72,Accommodation and food services,2006,2898,41924,136264,626213
44,Rhode Island,81,Other services (except public administration),2006,3011,19302,115712,477429
44,Rhode Island,99,Industries not classified,2006,74,b,D,D
45,South Carolina,0,Total for all sectors,2006,105296,1633441,12719828,52189166
45,South Carolina,11,"Agriculture, forestry, fishing and hunting",2006,594,4276,33507,132485
45,South Carolina,21,Mining ,2006,89,1282,14291,58941
45,South Carolina,22,Utilities,2006,309,11784,219128,730226
45,South Carolina,23,Construction,2006,12739,118318,941705,4023389
45,South Carolina,31-33,Manufacturing,2006,4323,263605,2740891,10950338
45,South Carolina,42,Wholesale trade,2006,4808,67865,738973,3071330
45,South Carolina,44-45,Retail trade,2006,18598,228874,1175438,4859578
45,South Carolina,48-49,Transportation and warehousing,2006,2715,55271,469424,1962816
45,South Carolina,51,Information,2006,1347,27792,326906,1262496
45,South Carolina,52,Finance and insurance,2006,7162,69745,799804,2974811
45,South Carolina,53,Real estate and rental and leasing,2006,5229,29044,223509,972605
45,South Carolina,54,"Professional, scientific, and technical services",2006,9373,80757,991954,4108784
45,South Carolina,55,Management of companies and enterprises,2006,549,26507,457755,1821047
45,South Carolina,56,Administrative and support and waste management and remediation services,2006,5430,140155,756639,3184641
45,South Carolina,61,Educational services,2006,966,25704,132146,549297
45,South Carolina,62,Health care and social assistance,2006,9047,197901,1688419,7203996
45,South Carolina,71,"Arts, entertainment, and recreation",2006,1528,24208,90986,402482
45,South Carolina,72,Accommodation and food services,2006,9072,181191,530762,2297369
45,South Carolina,81,Other services (except public administration),2006,11146,78843,386468,1616050
45,South Carolina,99,Industries not classified,2006,272,319,1123,6485
46,South Dakota,0,Total for all sectors,2006,25482,325105,2250989,9406003
46,South Dakota,11,"Agriculture, forestry, fishing and hunting",2006,125,e,D,D
46,South Dakota,21,Mining ,2006,74,911,9812,46765
46,South Dakota,22,Utilities,2006,150,g,D,D
46,South Dakota,23,Construction,2006,3291,18897,141854,686536
46,South Dakota,31-33,Manufacturing,2006,1005,42215,364468,1454431
46,South Dakota,42,Wholesale trade,2006,1315,14712,132314,552325
46,South Dakota,44-45,Retail trade,2006,4220,51499,249165,1053274
46,South Dakota,48-49,Transportation and warehousing,2006,1072,8497,64049,271790
46,South Dakota,51,Information,2006,412,6944,60880,245543
46,South Dakota,52,Finance and insurance,2006,1865,27220,274988,1050786
46,South Dakota,53,Real estate and rental and leasing,2006,887,4223,22342,96099
46,South Dakota,54,"Professional, scientific, and technical services",2006,1731,10233,91039,387710
46,South Dakota,55,Management of companies and enterprises,2006,148,4256,73374,285764
46,South Dakota,56,Administrative and support and waste management and remediation services,2006,982,10854,57253,228193
46,South Dakota,61,Educational services,2006,206,8003,38788,156950
46,South Dakota,62,Health care and social assistance,2006,2218,57279,464544,1986964
46,South Dakota,71,"Arts, entertainment, and recreation",2006,654,6521,22332,104288
46,South Dakota,72,Accommodation and food services,2006,2332,36108,91213,414298
46,South Dakota,81,Other services (except public administration),2006,2688,14281,62376,264445
46,South Dakota,99,Industries not classified,2006,107,c,D,D
47,Tennessee,0,Total for all sectors,2006,135074,2473352,20800403,86500766
47,Tennessee,11,"Agriculture, forestry, fishing and hunting",2006,279,1367,8756,37467
47,Tennessee,21,Mining ,2006,211,3347,30894,135885
47,Tennessee,22,Utilities,2006,165,3242,42034,168353
47,Tennessee,23,Construction,2006,11731,123659,1052857,4894200
47,Tennessee,31-33,Manufacturing,2006,6659,393385,3905671,16003944
47,Tennessee,42,Wholesale trade,2006,7378,120649,1411024,5887558
47,Tennessee,44-45,Retail trade,2006,23718,332982,1730710,7267020
47,Tennessee,48-49,Transportation and warehousing,2006,4398,120491,1077973,4558242
47,Tennessee,51,Information,2006,2550,53259,616461,2404359
47,Tennessee,52,Finance and insurance,2006,9688,117865,1727134,6498389
47,Tennessee,53,Real estate and rental and leasing,2006,5930,38234,314100,1341681
47,Tennessee,54,"Professional, scientific, and technical services",2006,11572,126735,1406452,6054825
47,Tennessee,55,Management of companies and enterprises,2006,1085,71878,1380740,5204202
47,Tennessee,56,Administrative and support and waste management and remediation services,2006,6242,196949,1194612,4894836
47,Tennessee,61,Educational services,2006,1130,48010,322305,1338581
47,Tennessee,62,Health care and social assistance,2006,14030,344315,3060083,13313830
47,Tennessee,71,"Arts, entertainment, and recreation",2006,2281,30490,235757,1043143
47,Tennessee,72,Accommodation and food services,2006,11144,231986,688324,2963595
47,Tennessee,81,Other services (except public administration),2006,14552,114127,593146,2482811
47,Tennessee,99,Industries not classified,2006,331,382,1370,7845
48,Texas,0,Total for all sectors,2006,509080,8711476,86638601,347735827
48,Texas,11,"Agriculture, forestry, fishing and hunting",2006,1165,7684,51828,225151
48,Texas,21,Mining ,2006,6905,143843,2836369,11401802
48,Texas,22,Utilities,2006,2058,39190,861103,2925126
48,Texas,23,Construction,2006,40657,553834,5446175,23593142
48,Texas,31-33,Manufacturing,2006,20691,846465,10192706,40922070
48,Texas,42,Wholesale trade,2006,31411,463522,6446002,26082170
48,Texas,44-45,Retail trade,2006,76527,1128050,6294106,26068384
48,Texas,48-49,Transportation and warehousing,2006,15673,352519,3662523,14370032
48,Texas,51,Information,2006,9464,255805,4095789,14974220
48,Texas,52,Finance and insurance,2006,37006,453185,7330052,26356497
48,Texas,53,Real estate and rental and leasing,2006,25848,169039,1638399,6763495
48,Texas,54,"Professional, scientific, and technical services",2006,56918,551673,8250006,35551169
48,Texas,55,Management of companies and enterprises,2006,4007,244304,7893700,26483608
48,Texas,56,Administrative and support and waste management and remediation services,2006,24350,868646,5682156,23979444
48,Texas,61,Educational services,2006,5082,136805,939759,3895360
48,Texas,62,Health care and social assistance,2006,53314,1126394,9337408,40360460
48,Texas,71,"Arts, entertainment, and recreation",2006,6188,110884,694110,2851184
48,Texas,72,Accommodation and food services,2006,41243,850618,2705534,11408301
48,Texas,81,Other services (except public administration),2006,48466,406636,2271937,9472365
48,Texas,99,Industries not classified,2006,2107,2380,8939,51847
49,Utah,0,Total for all sectors,2006,68754,1039095,8275648,35175397
49,Utah,11,"Agriculture, forestry, fishing and hunting",2006,75,325,2442,12202
49,Utah,21,Mining ,2006,398,9054,138711,593461
49,Utah,22,Utilities,2006,209,4600,80634,351436
49,Utah,23,Construction,2006,10724,81656,635415,3080814
49,Utah,31-33,Manufacturing,2006,3241,118492,1199128,4960143
49,Utah,42,Wholesale trade,2006,3558,47566,524074,2193807
49,Utah,44-45,Retail trade,2006,8602,139157,746624,3149078
49,Utah,48-49,Transportation and warehousing,2006,1993,45791,428103,1694327
49,Utah,51,Information,2006,1358,32129,379408,1570450
49,Utah,52,Finance and insurance,2006,5133,52205,606941,2415841
49,Utah,53,Real estate and rental and leasing,2006,4671,18372,136851,601519
49,Utah,54,"Professional, scientific, and technical services",2006,7877,71274,726612,3291185
49,Utah,55,Management of companies and enterprises,2006,420,18158,308889,1293502
49,Utah,56,Administrative and support and waste management and remediation services,2006,3668,100999,620982,2757847
49,Utah,61,Educational services,2006,792,31471,180487,746643
49,Utah,62,Health care and social assistance,2006,6129,113344,903330,3820811
49,Utah,71,"Arts, entertainment, and recreation",2006,839,16680,89402,311550
49,Utah,72,Accommodation and food services,2006,4463,91313,270043,1115339
49,Utah,81,Other services (except public administration),2006,4432,46316,296793,1211315
49,Utah,99,Industries not classified,2006,172,193,779,4127
50,Vermont,0,Total for all sectors,2006,22317,263838,2114965,8566778
50,Vermont,11,"Agriculture, forestry, fishing and hunting",2006,120,423,3400,13960
50,Vermont,21,Mining ,2006,57,f,D,D
50,Vermont,22,Utilities,2006,56,1914,42142,153498
50,Vermont,23,Construction,2006,3097,16308,143327,689310
50,Vermont,31-33,Manufacturing,2006,1094,36964,426490,1663607
50,Vermont,42,Wholesale trade,2006,863,10677,109579,441280
50,Vermont,44-45,Retail trade,2006,3878,41072,229097,950704
50,Vermont,48-49,Transportation and warehousing,2006,539,6157,44804,191498
50,Vermont,51,Information,2006,542,6126,60374,242777
50,Vermont,52,Finance and insurance,2006,976,9785,151735,512828
50,Vermont,53,Real estate and rental and leasing,2006,819,3392,21961,96317
50,Vermont,54,"Professional, scientific, and technical services",2006,2170,17025,146409,660387
50,Vermont,55,Management of companies and enterprises,2006,89,4023,71925,247884
50,Vermont,56,Administrative and support and waste management and remediation services,2006,1012,8416,44953,204154
50,Vermont,61,Educational services,2006,344,13802,84708,341643
50,Vermont,62,Health care and social assistance,2006,2099,39844,328880,1354974
50,Vermont,71,"Arts, entertainment, and recreation",2006,491,8415,39438,134010
50,Vermont,72,Accommodation and food services,2006,1948,29408,106922,418753
50,Vermont,81,Other services (except public administration),2006,2079,9481,51728,218237
50,Vermont,99,Industries not classified,2006,44,b,D,D
51,Virginia,0,Total for all sectors,2006,197263,3174363,31997822,128998539
51,Virginia,11,"Agriculture, forestry, fishing and hunting",2006,708,3940,33715,144390
51,Virginia,21,Mining ,2006,357,11292,156717,643798
51,Virginia,22,Utilities,2006,316,15719,346516,1280555
51,Virginia,23,Construction,2006,25116,241953,2303430,9678298
51,Virginia,31-33,Manufacturing,2006,5780,289176,3049612,12377621
51,Virginia,42,Wholesale trade,2006,7750,121244,1491578,6060906
51,Virginia,44-45,Retail trade,2006,29345,441222,2437644,10073738
51,Virginia,48-49,Transportation and warehousing,2006,5374,105392,952184,4006536
51,Virginia,51,Information,2006,4113,104201,2085696,7311647
51,Virginia,52,Finance and insurance,2006,12016,170248,3180592,10673403
51,Virginia,53,Real estate and rental and leasing,2006,9321,61157,645278,2523792
51,Virginia,54,"Professional, scientific, and technical services",2006,27091,373145,6232802,26053639
51,Virginia,55,Management of companies and enterprises,2006,1120,58655,1325591,4845266
51,Virginia,56,Administrative and support and waste management and remediation services,2006,10191,239077,1738898,7434191
51,Virginia,61,Educational services,2006,2335,61324,406282,1672654
51,Virginia,62,Health care and social assistance,2006,16781,362262,3211507,14057038
51,Virginia,71,"Arts, entertainment, and recreation",2006,2667,49698,238270,1084400
51,Virginia,72,Accommodation and food services,2006,15127,298742,985503,4238643
51,Virginia,81,Other services (except public administration),2006,21222,165329,1173335,4821649
51,Virginia,99,Industries not classified,2006,533,587,2672,16375
53,Washington,0,Total for all sectors,2006,179908,2421269,24890104,104191371
53,Washington,11,"Agriculture, forestry, fishing and hunting",2006,1523,13415,132202,557017
53,Washington,21,Mining ,2006,191,3294,45563,189394
53,Washington,22,Utilities,2006,300,6250,131117,458854
53,Washington,23,Construction,2006,25078,184453,1884069,8653717
53,Washington,31-33,Manufacturing,2006,7505,257611,3183528,13202734
53,Washington,42,Wholesale trade,2006,9562,130164,1618967,6698084
53,Washington,44-45,Retail trade,2006,22761,328899,2059357,8570108
53,Washington,48-49,Transportation and warehousing,2006,4902,83739,865319,3579973
53,Washington,51,Information,2006,3220,109936,2180484,9952881
53,Washington,52,Finance and insurance,2006,10755,123316,2194822,7733124
53,Washington,53,Real estate and rental and leasing,2006,10484,52200,435443,1868374
53,Washington,54,"Professional, scientific, and technical services",2006,19080,157086,2275180,9800402
53,Washington,55,Management of companies and enterprises,2006,931,59563,1477768,5795131
53,Washington,56,Administrative and support and waste management and remediation services,2006,8683,141043,1137273,4800519
53,Washington,61,Educational services,2006,2137,46250,258544,1080179
53,Washington,62,Health care and social assistance,2006,17873,329463,3153825,13446556
53,Washington,71,"Arts, entertainment, and recreation",2006,2699,58732,397555,1570124
53,Washington,72,Accommodation and food services,2006,15368,225923,808426,3498605
53,Washington,81,Other services (except public administration),2006,16163,109210,647970,2719809
53,Washington,99,Industries not classified,2006,693,722,2692,15786
54,West Virginia,0,Total for all sectors,2006,40566,583196,4203564,17262957
54,West Virginia,11,"Agriculture, forestry, fishing and hunting",2006,338,g,D,D
54,West Virginia,21,Mining ,2006,663,24572,373696,1456719
54,West Virginia,22,Utilities,2006,213,5802,120283,414426
54,West Virginia,23,Construction,2006,4508,32918,259027,1263262
54,West Virginia,31-33,Manufacturing,2006,1437,63832,676875,2667964
54,West Virginia,42,Wholesale trade,2006,1625,20508,195266,806174
54,West Virginia,44-45,Retail trade,2006,7118,95522,421978,1777447
54,West Virginia,48-49,Transportation and warehousing,2006,1432,16338,140458,583623
54,West Virginia,51,Information,2006,701,11561,106255,412031
54,West Virginia,52,Finance and insurance,2006,2134,21921,192733,734114
54,West Virginia,53,Real estate and rental and leasing,2006,1590,7067,43667,185675
54,West Virginia,54,"Professional, scientific, and technical services",2006,3039,24536,214806,890824
54,West Virginia,55,Management of companies and enterprises,2006,205,4450,61172,240787
54,West Virginia,56,Administrative and support and waste management and remediation services,2006,1463,33157,158766,678441
54,West Virginia,61,Educational services,2006,258,7899,32757,135213
54,West Virginia,62,Health care and social assistance,2006,4761,113497,875671,3604938
54,West Virginia,71,"Arts, entertainment, and recreation",2006,745,11172,43134,192263
54,West Virginia,72,Accommodation and food services,2006,3459,60338,159518,689124
54,West Virginia,81,Other services (except public administration),2006,4799,26821,121464,503983
54,West Virginia,99,Industries not classified,2006,78,b,D,D
55,Wisconsin,0,Total for all sectors,2006,145836,2482281,21604659,89006820
55,Wisconsin,11,"Agriculture, forestry, fishing and hunting",2006,542,3299,29567,121707
55,Wisconsin,21,Mining ,2006,157,3857,48415,249984
55,Wisconsin,22,Utilities,2006,293,13946,277775,1014490
55,Wisconsin,23,Construction,2006,17032,120114,1232574,5802911
55,Wisconsin,31-33,Manufacturing,2006,9670,492822,5320483,21546455
55,Wisconsin,42,Wholesale trade,2006,7241,114530,1326877,5487356
55,Wisconsin,44-45,Retail trade,2006,21102,321788,1631799,6787097
55,Wisconsin,48-49,Transportation and warehousing,2006,5577,103047,873469,3577654
55,Wisconsin,51,Information,2006,2254,57154,675045,2615180
55,Wisconsin,52,Finance and insurance,2006,9488,139953,2160172,7573736
55,Wisconsin,53,Real estate and rental and leasing,2006,5159,28004,195552,832011
55,Wisconsin,54,"Professional, scientific, and technical services",2006,11586,102240,1188892,5114877
55,Wisconsin,55,Management of companies and enterprises,2006,1019,59305,1228613,4768500
55,Wisconsin,56,Administrative and support and waste management and remediation services,2006,6699,136788,740665,3242136
55,Wisconsin,61,Educational services,2006,1429,48747,305181,1265680
55,Wisconsin,62,Health care and social assistance,2006,14260,358027,3043844,13216597
55,Wisconsin,71,"Arts, entertainment, and recreation",2006,2633,37843,191408,933955
55,Wisconsin,72,Accommodation and food services,2006,14120,225445,572183,2510228
55,Wisconsin,81,Other services (except public administration),2006,15134,114970,560597,2337435
55,Wisconsin,99,Industries not classified,2006,441,402,1548,8831
56,Wyoming,0,Total for all sectors,2006,20242,204153,1640183,7284156
56,Wyoming,11,"Agriculture, forestry, fishing and hunting",2006,81,c,D,D
56,Wyoming,21,Mining ,2006,854,24572,374293,1637238
56,Wyoming,22,Utilities,2006,115,2250,37915,161394
56,Wyoming,23,Construction,2006,2934,18686,148781,736813
56,Wyoming,31-33,Manufacturing,2006,537,10474,118562,488942
56,Wyoming,42,Wholesale trade,2006,762,7031,75286,329420
56,Wyoming,44-45,Retail trade,2006,2951,31683,166001,728023
56,Wyoming,48-49,Transportation and warehousing,2006,886,9074,86716,385194
56,Wyoming,51,Information,2006,329,4115,34068,135756
56,Wyoming,52,Finance and insurance,2006,936,6841,67663,270124
56,Wyoming,53,Real estate and rental and leasing,2006,1063,3870,27089,125268
56,Wyoming,54,"Professional, scientific, and technical services",2006,1863,8407,70245,336885
56,Wyoming,55,Management of companies and enterprises,2006,97,1141,19574,73212
56,Wyoming,56,Administrative and support and waste management and remediation services,2006,878,7367,38961,174928
56,Wyoming,61,Educational services,2006,143,1747,9200,37746
56,Wyoming,62,Health care and social assistance,2006,1637,28395,224613,967946
56,Wyoming,71,"Arts, entertainment, and recreation",2006,434,h,D,D
56,Wyoming,72,Accommodation and food services,2006,1716,25500,76894,414110
56,Wyoming,81,Other services (except public administration),2006,1885,8726,46214,206321
56,Wyoming,99,Industries not classified,2006,141,c,D,D
72,Puerto Rico,0,Total for all sectors,2006,46300,762730,4065475,16439908
72,Puerto Rico,11,"Agriculture, forestry, fishing and hunting",2006,17,44,159,696
72,Puerto Rico,21,Mining ,2006,45,936,5006,22208
72,Puerto Rico,22,Utilities,2006,23,370,5156,17766
72,Puerto Rico,23,Construction,2006,2956,61751,235735,1009598
72,Puerto Rico,31-33,Manufacturing,2006,2118,110050,911497,3585032
72,Puerto Rico,42,Wholesale trade,2006,2303,37187,283613,1169744
72,Puerto Rico,44-45,Retail trade,2006,10851,136502,501587,2035162
72,Puerto Rico,48-49,Transportation and warehousing,2006,1062,16369,96471,394958
72,Puerto Rico,51,Information,2006,491,20477,190347,734955
72,Puerto Rico,52,Finance and insurance,2006,1934,40304,376209,1406578
72,Puerto Rico,53,Real estate and rental and leasing,2006,1771,16353,76550,316635
72,Puerto Rico,54,"Professional, scientific, and technical services",2006,4196,29835,214861,902536
72,Puerto Rico,55,Management of companies and enterprises,2006,106,6039,61714,251495
72,Puerto Rico,56,Administrative and support and waste management and remediation services,2006,1780,70491,264926,1095409
72,Puerto Rico,61,Educational services,2006,741,33800,148150,627355
72,Puerto Rico,62,Health care and social assistance,2006,6649,73877,332441,1412039
72,Puerto Rico,71,"Arts, entertainment, and recreation",2006,453,4330,15865,65182
72,Puerto Rico,72,Accommodation and food services,2006,4033,76317,229615,914442
72,Puerto Rico,81,Other services (except public administration),2006,3672,26251,111201,444228
72,Puerto Rico,99,Industries not classified,2006,1099,1447,4372,33890
