reviewScorePro,gameName,reviewScoreUser
98,Grand Theft Auto IV,7.9
97,Grand Theft Auto V,8.1
96,BioShock,8.9
96,The Orange Box,8.9
96,Mass Effect 2,8.9
96,The Elder Scrolls V: Skyrim,8.4
95,Red Dead Redemption,9.0
95,Portal 2,8.5
94,Batman: Arkham City,8.7
94,Gears of War,8.3
94,The Elder Scrolls IV: Oblivion,8.7
94,Call of Duty 4: Modern Warfare,8.5
94,Halo 3,7.8
94,Call of Duty: Modern Warfare 2,6.3
93,Pac-Man Championship Edition DX,8.2
93,BioShock Infinite,8.5
93,Braid,8.5
93,Street Fighter IV,7.3
93,Fallout 3,8.5
93,Gears of War 2,7.7
93,Mass Effect 3,5.8
93,Rock Band 3,8.3
92,Guitar Hero II,8.1
92,Rock Band,8.2
92,Forza Motorsport 3,8.0
92,Batman: Arkham Asylum,8.7
92,The Walking Dead: A Telltale Games Series,8.5
92,Rock Band 2,8.3
91,Super Street Fighter IV,7.6
91,Dark Souls II,7.9
91,Halo: Reach,7.9
91,Mass Effect,8.7
91,Forza Motorsport 4,8.2
91,Gears of War 3,7.8
91,Far Cry 3,8.6
90,Assassin's Creed II,8.8
90,Bayonetta,8.0
90,Tom Clancy's Ghost Recon Advanced Warfighter,7.9
90,Trials Evolution,8.0
90,Grand Theft Auto IV: The Lost and Damned,8.0
90,FIFA Soccer 12,6.7
90,FIFA Soccer 10,7.5
90,Portal: Still Alive,8.4
90,LIMBO,8.4
90,Mark of the Ninja,7.3
90,Super Meat Boy,8.0
90,Dead Space 2,8.6
90,Geometry Wars: Retro Evolved 2,8.2
90,XCOM: Enemy Unknown,8.3
90,Forza Motorsport 2,8.3
90,Metal Gear Solid HD Collection,8.6
90,FIFA Soccer 13,6.1
90,Rayman Legends,8.2
90,NBA 2K12,7.7
89,Borderlands 2,8.2
89,Call of Duty 2,8.1
89,Plants vs. Zombies,8.2
89,Rez HD,8.0
89,Castlevania: Symphony of the Night,8.8
89,Fable II,6.5
89,Assassin's Creed: Brotherhood,8.3
89,Left 4 Dead 2,8.6
89,Left 4 Dead,7.9
89,Dark Souls,8.4
89,Grand Theft Auto IV: The Ballad of Gay Tony,8.6
89,Fez,6.2
89,Burnout Revenge,8.1
89,Dead Space,8.7
89,Dark Souls: Artorias of the Abyss,8.8
89,Pinball FX 2: Sorcerer's Lair,7.9
89,Peggle Nights,7.8
89,Deus Ex: Human Revolution,8.3
89,The Walking Dead: Episode 5 - No Time Left,8.9
89,The Beatles: Rock Band,8.6
89,L.A. Noire,7.8
89,Peggle,8.3
89,Virtua Fighter 5 Online,7.7
89,NBA 2K11,8.1
88,Burnout Paradise,6.9
88,Shadow Complex,8.7
88,Call of Duty: Modern Warfare 3,3.4
88,Dishonored,7.9
88,Pinball FX 2: Marvel Pinball - Avengers Chronicles,7.5
88,NHL 10,8.4
88,BioShock 2,8.2
88,NHL 09,8.4
88,Tom Clancy's Rainbow Six Vegas,8.3
88,Super Street Fighter II Turbo HD Remix,8.6
88,Star Wars Pinball: Balance of the Force,6.1
88,The Secret of Monkey Island: Special Edition,8.9
88,Project Gotham Racing 3,7.8
88,Battlefield: Bad Company 2,8.6
88,XCOM: Enemy Within,7.7
88,Mortal Kombat Komplete Edition,8.5
88,Pinball FX 2,8.2
88,NHL 11,7.7
88,The Witcher 2: Assassins of Kings,8.3
88,The Walking Dead: Episode 3 - Long Road Ahead,8.3
88,FIFA Soccer 11,7.5
88,Joe Danger: Special Edition,7.9
34,Destroy All Humans! Path of the Furon,6.6
34,Bomberman: Act Zero,2.2
34,Girl Fight,5.4
33,Game Party: In Motion,3.7
33,Toy Story Mania!,3.8
33,Farming Simulator,6.2
33,MorphX,6.6
33,Megamind: Ultimate Showdown,4.3
32,Escape Dead Island,3.8
32,The Walking Dead: Survival Instinct,4.0
32,The Expendables 2 Videogame,4.4
32,Fighters Uncaged,4.6
31,Rekoil: Liberator,5.1
30,ShellShock 2: Blood Trails,5.9
29,Beat'n Groovy,3.2
29,SCORE International Baja 1000,5.6
29,Jumper: Griffin's Story,3.3
28,Rambo: The Video Game,2.3
28,Truth or Lies,5.2
28,Crazy Mouse,4.2
28,Rogue Warrior,2.8
26,Deca Sports Freedom,3.7
26,Hulk Hogan's Main Event,2.2
25,Leisure Suit Larry: Box Office Bust,2.5
25,Nickelodeon Teenage Mutant Ninja Turtles,3.4
25,AMY,3.9
25,Hannah Montana: The Movie,3.8
25,NBA Unrivaled,4.3
22,Fast & Furious: Showdown,1.2
21,Self-Defense Training Camp,5.0
19,Ride to Hell: Retribution,1.3
17,Double Dragon II: Wander of the Dragons,1.5
17,Yaris,4.3
44,Transformers: Rise of the Dark Spark,5.7
44,Risen 3: Titan Lords,4.4
44,FunTown Mahjong,
44,Crash Time: Autobahn Pursuit,6.7
44,Street Trace: NYC,6.6
44,TotemBall,3.4
44,Hellboy: The Science of Evil,5.7
44,NPPL Championship Paintball 2009,7.3
44,Tour de France 2009,5.7
44,Le Tour de France 2012,7.4
44,Pirates vs Ninjas Dodgeball,6.0
43,Turning Point: Fall of Liberty,6.8
43,Word Puzzle,
43,Blood Knights,4.1
43,Monster Jam,6.4
43,New Rally-X,5.3
43,Omerta: City of Gangsters,3.3
43,Star Wars The Clone Wars: Republic Heroes,6.3
43,America's Army: True Soldiers,6.7
43,Rise of the Guardians,4.3
43,Tron,7.0
43,Hot Wheels: Beat That!,5.3
43,Bliss Island,7.0
43,Ice Age: Continental Drift - Arctic Games,5.9
43,Naughty Bear,5.6
43,Deadfall Adventures,7.9
43,Mindjack,1.2
42,Venetica,7.3
42,Cabela's Dangerous Hunts 2009,
42,Star Trek The Video Game,2.7
42,G.I. Joe: The Rise of Cobra,4.7
42,Bloodforge,7.3
42,Clash of the Titans,4.0
42,Brave: A Warrior's Tale,5.0
42,Zumba Fitness: Join the Party,5.5
42,CSI: Crime Scene Investigation: Fatal Conspiracy,4.8
41,Winter Sports 2: The Next Challenge,
41,Iron Man 2,5.9
41,Things on Wheels,5.8
41,Cyberball 2072,7.9
41,Rapala Fishing Frenzy 2009,7.2
58,Dynasty Warriors 7,8.0
41,Rapala Tournament Fishing!,8.0
41,MotionSports Adrenaline,6.5
41,The Golden Compass,4.1
41,Dragon's Lair,5.4
41,Duke Nukem: Manhattan Project,7.0
41,0 Day Attack on Earth,4.5
41,Way of the Dogg,3.3
40,Altered Beast,6.6
40,Naval Assault: The Killing Tide,4.2
40,Screwjumper!,3.4
40,The Warriors: Street Brawl,6.4
58,Cars Mater-National Championship,7.8
58,TMNT,6.3
58,Bang Bang Racing,5.5
58,Borderlands 2: Headhunter Pack 1 - TK Baha's Bloody Harvest,5.9
58,Vigilante 8: Arcade,8.4
58,Aegis Wing,7.0
58,TiQal,7.3
58,Duke Nukem Forever: The Doctor Who Cloned Me,6.5
58,Raving Rabbids: Alive & Kicking,5.4
58,ARKANOID Live!,3.6
40,Blood Drive,6.5
40,Prison Break: The Conspiracy,4.7
40,Scourge: Outbreak,6.7
40,MotionSports,4.0
40,Looney Tunes: Acme Arsenal,6.8
40,Real Steel,6.4
39,Battle: Los Angeles,4.9
39,The Cursed Crusade,4.4
39,Family Guy: Back to the Multiverse,5.0
39,Coffeetime Crosswords,3.4
39,R.I.P.D. The Game,3.4
58,Defender,
57,Dragon Ball: Raging Blast 2,7.4
57,Space Chimps,5.3
57,Special Forces: Team X,6.8
57,Sea Life Safari,
57,Body and Brain Connection,4.8
57,Gears of War: Judgment - Call to Arms,4.8
57,F.E.A.R. 2: Reborn,6.0
57,Puzzle Chronicles,
57,Who Wants to Be a Millionaire? Special Editions,6.8
39,Onechanbara: Bikini Samurai Squad,6.4
39,Wipeout: In the Zone,5.6
39,Cabela's Trophy Bucks,3.0
39,Pacific Rim,4.8
38,Battleship,2.0
38,Attack of the Movies 3D,1.7
38,Orc Attack: Flatulent Rebellion,5.4
38,Pimp My Ride,3.8
38,DARK,4.1
38,Teenage Mutant Ninja Turtles: Out of the Shadows,5.3
57,Bolt,7.1
57,Final Exam,7.2
57,World of Outlaws: Sprint Cars,8.1
57,Double Dragon,6.4
57,Breach,4.4
57,Dead Space 2: Severed,6.8
57,Faery: Legends of Avalon,6.6
57,Rocketmen: Axis of Evil,7.9
57,Dead Island: Riptide,6.3
57,Spider-Man: Edge of Time,6.8
38,Vampire Rain,2.9
38,Thor: God of Thunder,5.7
38,Raven Squad: Operation Hidden Dagger,3.5
38,Kengo: Legend of the 9,4.1
38,Rock Revolution,5.1
38,Steel Battalion: Heavy Armor,2.4
38,Pure Futbol,7.9
38,"Harry Potter and the Deathly Hallows, Part 1",5.0
37,Quantum Theory,3.8
37,Hour of Victory,3.0
57,Freefall Racers,2.8
57,Guitar Hero: Van Halen,5.8
57,Wrecked: Revenge Revisited,5.5
57,Sega Bass Fishing,3.5
57,Blazing Birds,
56,Death By Cube,5.5
56,Guilty Gear 2: Overture,5.7
56,Don King Presents: Prizefighter,6.4
56,Xevious,
56,Deadliest Catch: Alaskan Storm,5.9
56,Bound by Flame,6.8
56,MySims SkyHeroes,5.5
37,Blackwater,4.5
37,Rocky and Bullwinkle,4.4
37,Deadliest Warrior: Ancient Combat,6.3
37,Frogger 2,6.4
37,Lucha Fury,5.9
36,Damnation,5.6
56,Diabolical Pitch,6.5
56,Monopoly,5.8
56,Disney/Pixar Ratatouille,
56,"Carnival Games: Monkey See, Monkey Do!",5.5
56,Deadliest Warrior: Legends,5.6
56,Velvet Assassin,7.0
56,Shinobi,
56,Port Royale 3: Pirates and Merchants,4.5
56,Deadliest Warrior: The Game,7.8
56,Dragon Age: Origins - Witch Hunt,5.4
56,Gyruss,
36,Dream Chronicles,
36,Power Gig: Rise of the SixString,2.1
36,Double D Dodgeball,7.0
36,Deadliest Catch: Sea of Chaos,
35,Infernal: Hell's Vengeance,5.3
35,Dead Space Ignition,4.9
35,Enemy Front,5.8
35,NCIS,3.8
35,The History Channel: Battle for the Pacific,6.1
35,Star Raiders,5.9
56,Watchmen: The End Is Nigh Parts 1 and 2,8.4
56,Dragon Ball: Raging Blast,7.5
56,Kung-Fu High Impact,7.8
56,Viva Pinata: Party Animals,6.3
56,Skydive: Proximity Flight,
56,Supreme Commander,5.7
56,The Chronicles of Narnia: Prince Caspian,7.5
56,Scene It? Bright Lights! Big Screen!,5.6
56,Tenchu Z,7.3
56,DreamWorks Shrek the Third,6.2
35,Fireburst,3.5
56,Dragon Age: Origins - Darkspawn Chronicles,4.8
55,Kinect Star Wars,3.4
55,Bloody Good Time,6.1
55,Dynasty Warriors: Gundam,6.8
55,Yo-Ho Kablammo,7.8
55,Monster Madness: Battle for Suburbia,5.2
55,Watchmen: The End Is Nigh,7.8
55,Crazy Machines Elements,
55,Dragon Ball Z: Ultimate Tenkaichi,5.8
55,You're in the Movies,5.2
55,Fist of the North Star: Ken's Rage 2,7.1
55,Asteroids & Deluxe,5.0
55,Smash Court Tennis 3,
55,Bullet Witch,6.1
55,Cabela's Dangerous Hunts 2011,
55,The Amazing Spider-Man 2,6.6
55,Frogger: Hyper Arcade Edition,6.8
55,Little League World Series Baseball 2010,
55,Battlestar Galactica,6.7
55,Fable Heroes,4.7
55,Yar's Revenge,5.5
55,Alien Spidy,4.3
55,NBA Ballers: Chosen One,4.2
55,The War of the Worlds,5.1
55,Warhammer: Battle March,6.7
55,SpongeBob SquarePants: Underpants Slam!,3.8
55,Rugby World Cup 2011,3.9
55,The Lord of the Rings: Conquest,7.0
55,Lost: Via Domus,6.4
55,Marvel Super Hero Squad: The Infinity Gauntlet,6.3
55,Way of the Samurai 3,7.0
55,The Incredible Hulk,6.4
55,Kingdom Under Fire: Circle of Doom,5.9
55,Centipede & Millipede,6.6
55,BurgerTime: World Tour,7.0
54,MUD - FIM Motocross World Championship,7.1
50,Night at the Museum: Battle of the Smithsonian,7.1
50,WWE 2K15,4.0
50,Yoostar 2: In The Movies,3.4
50,Two Worlds,5.5
50,WALL-E,6.3
50,Dead Block,7.1
50,DreamWorks Kung Fu Panda 2,4.6
50,Adrenalin Misfits,
50,Fable III: Understone Quest Pack,6.0
50,Soldier of Fortune: Payback,5.6
50,Voltron: Defender of the Universe,6.6
49,Knights Contract,5.6
49,Saints Row: The Third - Genki Bowl VII,5.6
49,Yoostar on MTV,
49,Lucha Libre AAA Heroes del Ring,6.6
49,Pac-Man and the Ghostly Adventures,5.1
49,Over G Fighters,6.1
49,Dragon Ball Z for Kinect,2.1
49,Doodle Jump for Kinect,5.8
49,Supremacy MMA,6.2
49,Dynasty Warriors: Gundam 2,7.0
49,World Championship Poker: Featuring Howard Lederer - All In,
49,Puzzle Arcade,7.7
49,NFL Tour,3.1
49,Fuzion Frenzy 2,5.2
49,Duke Nukem Forever,4.4
49,Shrek-N-Roll,7.0
49,Damage Inc.: Pacific Squadron WWII,5.5
49,Dollar Dash,4.2
49,Zombie Wranglers,7.8
49,Domino Master,
48,Terminator Salvation,5.0
48,CSI: Crime Scene Investigation: Hard Evidence,5.2
48,Fire Pro Wrestling,3.9
48,Aliens: Colonial Marines,3.8
48,Stormrise,6.6
48,Otomedius Excellent,8.1
48,Cabela's Alaskan Adventures,5.6
48,MX Vs ATV: Supercross,4.8
48,Eragon,5.7
48,MLB 2K13,3.5
48,Rock of the Dead,4.8
48,Sonic Adventure,7.2
48,Summer Athletics: The Ultimate Challenge,
48,Michael Phelps: Push the Limit,3.5
48,Mass Effect: Pinnacle Station,3.9
47,Call of Juarez: The Cartel,5.7
47,Deep Black: Episode 1,5.4
47,Sonic the Fighters,6.6
47,Legendary,7.1
47,Saw II: Flesh & Blood,5.2
47,MLB Front Office Manager,4.6
47,Mayhem 3D,8.6
47,Naughty Bear: Panic in Paradise,8.0
54,Backbreaker,7.6
70,Silent Hill: Homecoming,7.0
47,Hole in the Wall,3.6
47,Red Bull Crashed Ice Kinect,7.7
47,Sonic Free Riders,2.3
47,Adventure Time: Explore the Dungeon Because I DON'T KNOW!,4.1
47,X-Men: Destiny,5.0
47,Scramble,7.7
47,Family Feud: 2012 Edition,5.3
47,Bellator: MMA Onslaught,6.4
47,Tempest,4.5
46,Dungeons & Dragons: Daggerdale,5.0
46,Zoids Assault,7.3
54,Fret Nice,
54,Pocketbike Racer,6.8
54,Import Tuner Challenge,7.7
54,Brain Challenge,5.8
54,The Elder Scrolls V: Skyrim - Hearthfire,5.7
54,Dragon Age: Origins - Return to Ostagar,6.6
54,Rise of the Argonauts,7.4
54,uDraw Studio: Instant Artist,5.7
54,Harry Potter for Kinect,4.9
54,Vancouver 2010 - The Official Video Game of the Olympic Winter Games,6.7
54,Army of Two: The Devil's Cartel,6.2
54,Cars Race-O-Rama,5.8
70,Virtua Tennis 4,6.2
70,Rock Band Track Pack Classic Rock,
70,Luxor 2,7.2
70,Bubble Bobble Neo!,7.1
70,The Outfit,7.5
70,TimeShift,7.9
70,Ninja Gaiden 3: Razor's Edge,7.2
70,Bomberman Live: Battlefest,8.3
70,College Hoops 2K6,7.3
46,Shadow Assault -Tenchu-,
46,Tony Hawk Ride,3.0
46,Carrier Command: Gaea Mission,6.3
46,RayStorm HD,7.3
46,Alien Rage,7.6
46,Samurai Shodown Sen,5.2
46,Tour de France 2011,7.6
46,Operation Darkness,7.0
46,Sonic the Hedgehog,4.4
46,MLB Stickball,
46,Winter Stars,6.5
66,Major League Baseball 2K6,3.9
61,Dead to Rights: Retribution,7.0
54,Top Gun: Hard Lock,3.5
54,Boogie Bunnies,6.0
54,RocketBowl,
54,Minesweeper Flags,
54,Sneak King,4.9
54,Warriors: Legends of Troy,7.4
54,Spyglass Board Games,3.8
54,Hexodius,
54,Rise of Nightmares,7.8
54,Adidas miCoach,5.9
54,Avatar: The Last Airbender -- The Burning Earth,5.8
54,FaceBreaker,6.5
70,SEGA Rally Online Arcade,6.1
70,The Cave,7.8
70,Just Dance 3,7.7
70,MX vs. ATV Untamed,7.1
70,Hell Yeah! Wrath of the Dead Rabbit,8.4
70,Full Auto,7.8
70,Jet Set Radio,7.9
70,Haunt,8.1
70,Guitar Hero: Aerosmith,6.7
70,LEGO The Hobbit,8.7
70,Disney DuckTales Remastered,7.1
46,Yu-Gi-Oh! 5D's Decade Duels,7.4
46,Ben 10 Alien Force: The Rise of Hex,5.1
45,Spartacus Legends,5.3
45,Madagascar 3: The Video Game,4.9
45,Iron Man,5.9
45,War World,7.7
45,JASF: Jane's Advanced Strike Fighters,4.5
45,Ugly Americans: Apocalypsegeddon,6.2
45,Sniper: Ghost Warrior,5.8
45,Ghostbusters: Sanctum of Slime,3.1
45,Interpol: The Trail of Dr. Chaos,3.0
45,Golden Axe: Beast Rider,5.8
66,L.A. Noire: Reefer Madness,7.8
66,Fable II: Knothole Island,7.3
66,Wolfenstein 3D,8.2
66,Death Tank,7.0
66,Strania,
66,Wolf of the Battlefield: Commando 3,7.9
66,Shred Nebula,
66,Lost Cities,6.8
66,Disney Universe,5.3
66,3D Ultra MiniGolf Adventures,6.1
66,Tony Hawk's Pro Skater HD,5.7
66,Tomb Raider Underworld: Lara's Shadow,8.0
61,Root Beer Tapper,6.5
61,Aqua,8.2
61,Dance! It's Your Stage,
61,Football Genius - The Ultimate Quiz,
61,Surf's Up,6.1
61,Moon Diver,
53,Planet 51,
53,The History Channel: Civil War - A Nation Divided,6.9
53,Tetris Splash,7.6
53,Fable II Pub Games,6.1
53,Medal of Honor: Warfighter,5.4
53,Dragon Ball Z: Battle of Z,5.1
53,Painkiller: Hell & Damnation,6.6
53,Star Trek: D-A-C,7.0
53,Dead or Alive Xtreme 2,6.7
70,Major League Baseball 2K8,5.9
70,Lollipop Chainsaw,7.0
70,Karaoke Revolution Presents: American Idol Encore,7.0
70,Remember Me,7.5
70,Ticket to Ride,7.8
70,Call of Duty: Black Ops II - Apocalypse,5.8
70,Call of Duty: Black Ops - Rezurrection,5.0
70,Alice: Madness Returns,8.1
70,Naruto Shippuden: Ultimate Ninja Storm 3,7.6
70,Lips: Number One Hits,7.6
70,Ultimate Mortal Kombat 3,6.6
45,Red Bull X-Fighters,
45,N3II: Ninety-Nine Nights,6.9
45,007 Legends,4.4
45,Fantastic Four: Rise of the Silver Surfer,5.4
45,Mr. Driller Online,
44,Darkest of Days,4.8
44,Brunswick Pro Bowling,
44,Watchmen: The End Is Nigh Part 2,6.4
44,Dead Island: Ryder White,6.2
44,"Harry Potter and the Deathly Hallows, Part 2",5.4
72,MLB Bobblehead Pros,
74,The Wolf Among Us: Episode 4 - In Sheep's Clothing,8.5
66,Madden NFL Arcade,4.8
66,Teenage Mutant Ninja Turtles: 1989 Classic Arcade,7.4
66,Trivial Pursuit,6.4
66,Rotastic,
66,Burnout Crash!,6.3
66,The Black Eyed Peas Experience,5.8
66,Monopoly Streets,6.6
66,Borderlands 2: Headhunter Pack 4 - Mad Moxxi and the Wedding Day Massacre,7.9
61,PowerUp Heroes,7.5
61,Transformers: Revenge of the Fallen,7.7
61,Backyard Football '10,
61,Invincible Tiger: The Legend of Han Tao,7.7
61,Test Drive: Ferrari Racing Legends,5.6
61,Kinect Adventures!,6.3
61,James Cameron's Avatar: The Game,6.9
61,Metal Slug XX,8.3
61,Fatal Inertia,4.2
53,Dreamcast Collection,4.5
53,Samurai Warriors 2 Empires,8.6
53,Ecco the Dolphin,8.0
53,Inversion,6.5
53,Dungeon Fighter Live: Fall of Hendon Myre,7.5
53,Disney Sing It,5.2
53,Tony Hawk: Shred,6.6
53,Cabela's African Safari,5.0
53,Dash of Destruction,6.3
53,Bodycount,4.7
70,NCAA Basketball 09,5.6
70,Homefront,6.0
70,Castlevania: Lords of Shadow 2,7.8
70,UFC Personal Trainer: The Ultimate Fitness System,6.5
70,Virtua Tennis 2009,6.2
70,CellFactor: Psychokinetic Wars,8.6
70,L.A. Noire: Nicholson Electroplating Disaster,8.3
70,Fallout: New Vegas - Dead Money,6.1
70,Polar Panic,
44,Discs of Tron,6.7
44,Warriors Orochi 2,8.1
72,Samurai Shodown II,
72,NASCAR The Game: Inside Line,3.4
72,Tony Hawk's Proving Ground,5.4
72,Warlords (2012),
72,GripShift,8.0
72,Cars 2: The Video Game,7.4
72,Borderlands: Claptrap's New Robot Revolution,6.9
72,MotoGP 13,5.8
74,Costume Quest,7.8
74,Prototype 2,7.0
74,Medal of Honor,6.7
74,Sam & Max: Save the World,8.5
74,Majin and the Forsaken Kingdom,8.1
74,Dead Rising 2: Case West,7.0
74,State of Decay: Lifeline,4.3
74,Resonance of Fate,7.8
66,A.R.E.S. Extinction Agenda EX,7.2
65,Robotron: 2084,6.7
65,Too Human,7.0
65,NASCAR '14,5.1
65,Contrast,8.7
65,Military Madness: Nectaris,6.3
65,Bankshot Billiards 2,6.2
65,Dig Dug,6.6
61,Voodoo Dice,7.4
61,Fable: The Journey,4.7
61,Super Contra,6.0
61,Air Conflicts: Secret Wars,
61,Mars: War Logs,7.1
61,Red Dead Redemption: Legends & Killers,6.6
61,Happy Wars,6.8
61,SBK Generations,
61,Ben 10 Alien Force: Vilgax Attacks,8.3
60,Mass Effect 3: Omega,6.1
60,Pac-Man and the Ghostly Adventures 2,6.5
53,Warriors Orochi,7.4
53,Eat Lead: The Return of Matt Hazard,7.0
53,Pictionary: Ultimate Edition,
52,Samurai Warriors 2,8.7
52,Realms of Ancient War,5.3
52,Transformers: The Game,5.5
52,Hail to the Chimp,6.1
52,Kinect Joy Ride,5.0
52,Xotic,
52,South Park: Tenorman's Revenge,7.5
70,Virtua Fighter 2,7.2
70,Apache: Air Assault,6.4
70,Scene It? Movie Night,
70,UEFA Euro 2012,2.8
70,X-Men: The Arcade Game,6.7
69,World Gone Sour,7.4
69,Alien Breed: Evolution,8.0
69,World Series of Poker: Tournament of Champions,7.3
69,Section 8,7.3
69,Fusion: Genesis,8.0
69,Sega Vintage Collection: ToeJam & Earl,8.2
69,Enchanted Arms,6.9
76,The Bridge,7.4
64,Zombie Driver HD,4.7
68,Silent Hill: Downpour,7.3
78,Call of Duty: Black Ops - First Strike,6.4
72,"Wallace & Gromit's Grand Adventures, Episode 4: The Bogey Man",
72,Mercenaries 2: World in Flames,7.2
72,Amped 3,7.1
72,After Burner Climax,5.0
72,Mortal Kombat vs. DC Universe,7.5
72,Gel: Set & Match,
72,Blazing Angels 2: Secret Missions of WWII,7.8
72,Star Ocean: The Last Hope,7.2
72,Need for Speed ProStreet,7.1
72,Pid,8.3
72,Dragon Ball Z: Burst Limit,7.6
74,Binary Domain,8.0
74,Batman: Arkham Origins,7.5
74,Magrunner: Dark Pulse,7.2
74,Mercury Hg,8.0
74,Def Jam Rapstar,5.4
74,Galaga Legions DX,
74,Borderlands: The Pre-Sequel,6.3
74,Disney Infinity,6.5
74,CAPSIZED,6.9
74,Hasbro Family Game Night: Connect Four,
74,Left 4 Dead 2: The Passing,8.1
65,Feeding Frenzy,7.1
65,Armored Core: Verdict Day,7.5
65,Afro Samurai,6.2
65,Dance Dance Revolution Universe 3,7.7
65,Elements of Destruction,
65,Disney's Meet the Robinsons,
65,Ms. Pac-Man,7.0
65,Capcom Digital Collection,5.3
65,007: Quantum of Solace,7.1
65,Mass Effect 2: Arrival,6.0
65,Texas Cheat 'Em,
60,Risen,6.4
60,Jurassic: The Hunted,7.2
60,Legend of the Guardians: The Owls of Ga'Hoole,8.0
60,Risen 2: Dark Waters,6.0
60,JAM Live Music Arcade,
60,Crash: Mind Over Mutant,6.4
60,Shaun White Snowboarding,7.6
60,Captain America: Super Soldier,6.3
60,Defiance,7.2
60,Tomb Raider Underworld: Beneath the Ashes,7.5
60,Buku Sudoku,
52,Blades of Time,6.5
52,Crystal Defenders,6.3
52,Spare Parts,
52,Resident Evil: Operation Raccoon City,4.9
52,Tetris Evolution,
52,Defenders of Ardania,7.7
52,Game of Thrones,5.2
52,Dark Messiah of Might and Magic: Elements,7.0
52,Red Faction: Battlegrounds,7.0
52,X-Men: The Official Game,6.1
69,Earth Defense Force 2017,7.5
69,Trouble Witches Neo!,7.0
69,NCAA March Madness 08,
69,Wet,7.3
69,NHL 2K9,6.7
69,NASCAR 09,7.8
69,Magna Carta 2,7.0
69,Blitz: The League,6.5
69,Operation Flashpoint: Red River,6.1
69,Golf: Tee It Up!,8.4
69,MotoGP 09/10,5.7
76,Forza Horizon: Rally Expansion Pack,6.0
76,Quantum Conundrum,6.5
76,R-Type Dimensions,7.3
76,Half-Minute Hero: Super Mega Neo Climax,8.0
76,Shadows of the Damned,8.4
76,Street Fighter II' Hyper Fighting,6.7
76,Band Hero,5.0
76,Dead or Alive 5,7.8
76,Major League Baseball 2K10,7.6
76,The Bigs 2,6.2
76,SoulCalibur II HD Online,7.2
64,Storm,2.9
64,nail'd,7.1
63,The Adventures of Tintin: The Game,6.1
63,Bass Pro Shops: The Strike,5.8
63,FIFA Street 3,6.9
63,Alpha Protocol,7.2
63,DarkStar One: Broken Alliance,7.2
63,Big Bumpin',5.8
63,Assassin's Creed III - The Redemption,5.7
63,Namco Museum: Virtual Arcade,
68,Cloudberry Kingdom,7.0
68,Hasbro Family Game Night: Boggle,
68,Stoked,8.6
68,Earth Defense Force 2025,8.1
68,Joust,
68,Kinect Rush: A Disney-Pixar Adventure,5.1
68,Spider-Man: Web of Shadows,8.6
68,Blitz: The League II,7.2
68,Brink,5.8
68,Lost Planet 2,6.1
78,Lost Planet: Extreme Condition Colonies Edition,8.1
78,Space Channel 5 Part 2,7.7
78,NFL Blitz,6.3
78,Skullgirls,6.7
78,Call of Duty: Modern Warfare 3 - Collection 2,2.7
78,MotoGP '07,7.3
78,NHL 2K7,7.9
78,Pro Evolution Soccer 2012,6.6
78,State of Decay,7.2
78,Far Cry Instincts Predator,6.2
78,Bangai-O HD: Missile Fury,7.1
78,Rock Band Blitz,7.5
72,NiGHTS into Dreams...,8.1
72,Dungeon Siege III,5.9
72,Wolfenstein,7.5
72,Game of Thrones: Episode One - Iron From Ice,6.4
72,Tales From Space: Mutant Blobs Attack,7.0
72,Phantom Breaker: Battle Grounds,6.8
72,Sega Vintage Collection: Monster World,8.0
72,Stoked: Big Air Edition,7.7
72,South Park Let's Go Tower Defense Play!,6.5
72,"Wallace & Gromit's Grand Adventures, Episode 3: Muzzled!",
72,Rocket Knight,8.0
74,Gatling Gears,8.0
74,Weapon of Choice,7.4
74,World Series of Poker 2008: Battle for the Bracelets,6.7
74,Ridge Racer 6,7.1
74,Kinectimals,3.2
74,Mass Effect 3: Leviathan,6.8
74,Child of Light,7.4
74,Naruto Shippuden: Ultimate Ninja Storm Generations,7.2
74,Guilty Gear XX Accent Core Plus,6.6
65,Dynasty Warriors: Gundam 3,7.8
65,Jimmie Johnson's Anything With an Engine,8.8
65,Cars,6.1
65,Dynasty Warriors 8,7.5
65,The Godfather II,6.9
65,Kung Fu Strike: The Warrior's Rise,
65,Baja: Edge of Control,7.1
65,Kane & Lynch: Dead Men,3.2
65,Black Knight Sword,7.3
65,Feeding Frenzy 2: Shipwreck Showdown,7.6
60,Create,5.8
60,Bakugan Battle Brawlers,5.2
60,Sonic Unleashed,7.7
60,Jurassic Park: The Game,3.6
60,All Zombies Must Die!,5.1
60,Beijing 2008 - The Official Video Game of the Olympic Games,6.5
60,Sonic Adventure 2,7.8
60,Sega Vintage Collection: Golden Axe,8.0
60,Leedmees,
60,Rio,7.0
60,Encleverment Experiment,5.8
52,The First Templar,6.3
52,NeverDead,5.5
52,Sniper: Ghost Warrior 2,5.7
52,Conflict: Denied Ops,4.9
51,Ben 10 Ultimate Alien: Cosmic Destruction,5.3
51,Unbound Saga,
51,Le Tour de France 2013 - 100th Edition,5.9
51,Warlords,
51,Cabela's North American Adventures,9.2
51,Rush'N Attack Ex-Patriot,6.6
69,Swarm,7.6
82,Metal Gear Rising: Revengeance,7.8
80,Double Fine Happy Action Theater,6.2
76,Call of Juarez: Gunslinger,8.2
76,LEGO Batman: The Videogame,7.9
76,Resident Evil 5: Desperate Escape,7.9
76,Call of Duty: Black Ops II - Uprising,5.1
76,Puzzle Quest: Galactrix,7.6
76,Kinect Sesame Street TV,6.2
76,Deus Ex: Human Revolution - The Missing Link,6.8
76,Deathsmiles,8.4
76,Brothers in Arms: Hell's Highway,8.3
76,Chessmaster LIVE,6.9
76,Penny Arcade Adventures: Episode One,7.6
76,Zuma's Revenge!,6.9
63,Triggerheart Exelica,8.1
63,Texas Hold 'Em,6.6
63,AC/DC Live: Rock Band Track Pack,4.9
63,Sacred Citadel,6.2
63,Lucidity,7.6
63,Matt Hazard: Blood Bath and Beyond,8.7
63,Spider-Man 3,7.0
63,Serious Sam 3: BFE,8.2
63,Fallout: New Vegas - Lonesome Road,7.6
63,Fatal Fury Special,8.3
63,Clive Barker's Jericho,7.5
63,Scrap Metal,8.0
68,Space Giraffe,7.5
68,G-Force,7.0
68,Harry Potter and the Order of the Phoenix,6.8
68,Deadly Premonition,8.2
68,The UnderGarden,
68,Tom Clancy's HAWX 2,6.3
68,Viking: Battle for Asgard,8.0
68,Test Drive Unlimited 2,6.4
68,Major League Baseball 2K12,6.4
68,Juiced 2: Hot Import Nights,7.5
68,Bejeweled Blitz Live,7.2
78,Kinect Nat Geo TV,
78,Charlie Murder,6.5
78,Metal Slug 3,6.2
78,GRID 2,5.8
78,A Kingdom for Keflings,7.0
78,Ace Combat: Assault Horizon,6.2
78,Switchball,7.8
78,Call of Duty: Modern Warfare 2 - Resurgence Pack,3.4
78,Dead Space 3,6.4
78,R.U.S.E.,7.0
78,Every Extend Extra Extreme,7.1
78,Pro Evolution Soccer 2010,7.6
78,Marvel vs. Capcom Origins,8.1
72,Guitar Hero: Warriors of Rock,6.5
72,FIFA World Cup: Germany 2006,6.6
72,Serious Sam HD: The Second Encounter,8.0
72,Axel & Pixel,7.5
72,Sonic the Hedgehog 4: Episode I,5.8
72,GoldenEye 007: Reloaded,6.0
72,Hexic 2,7.4
72,Hasbro Family Game Night: Battleship,
72,Call of Duty Classic,7.8
72,Army of Two,7.6
72,Dead Rising 2: Off the Record,7.3
72,Batman: Arkham City - Harley Quinn's Revenge,6.6
74,Zeno Clash: Ultimate Edition,8.1
74,Naruto Shippuden: Ultimate Ninja Storm 2,8.5
74,Comic Jumper: The Adventures of Captain Smiley,6.8
74,Pinball FX 2: Zen Classics,
74,Madden NFL 06,4.8
74,Ion Assault,7.5
65,Dance Dance Revolution Universe 2,7.4
65,Armored Core 4,7.2
65,Crash of the Titans,6.3
65,Mini Ninjas Adventures,8.0
65,WRC 2: FIA World Rally Championship 2011,6.3
65,Brave: The Video Game,
65,Zeno Clash II,6.1
65,Fallout 3: Mothership Zeta,6.0
65,Harms Way,6.3
65,Shotest Shogi,
65,Exit 2,
65,Gauntlet,5.4
60,WarTech: Senko no Ronde,6.1
60,Warface,5.8
60,Spider-Man: Friend or Foe,6.2
60,Teenage Mutant Ninja Turtles: Turtles in Time Re-Shelled,7.0
60,Dynasty Warriors 6,7.4
60,Karateka,6.9
60,Jeremy McGrath's Offroad,5.7
60,MicroBot,6.4
60,Chaotic: Shadow Warriors,5.0
59,Crazy Taxi,7.7
59,How to Survive,6.3
59,Dark Void,6.0
51,Where the Wild Things Are,5.4
51,History Legends of War: Patton,6.0
51,CSI: Crime Scene Investigation: Deadly Intent,5.6
51,Sacred 3,4.1
51,Halo: Spartan Assault,4.9
51,Are You Smarter Than a 5th Grader: Make the Grade,4.6
51,Superman Returns,6.1
51,Happy Tree Friends: False Alarm,5.9
69,Serious Sam HD: The First Encounter,8.7
69,NHL 2K10,7.6
69,Foul Play,6.4
69,Bejeweled 2 Deluxe,6.3
69,Ancients of Ooga,5.8
69,Def Jam: Icon,6.3
69,Rayman 3 HD,7.1
69,Poker Night 2,5.8
69,Lightning Returns: Final Fantasy XIII,6.6
69,Lips: Party Classics,
69,Turok,7.1
82,Pro Evolution Soccer 2013,6.9
82,Sonic & All-Stars Racing Transformed,7.9
82,Command & Conquer 3: Tiberium Wars,7.1
82,Final Fantasy XIII,6.3
82,The Wolf Among Us: Episode 1 - Faith,8.4
82,Sonic the Hedgehog 2,8.9
82,FIFA Soccer 08,7.9
82,Dark Souls II: Crown of the Old Iron King,7.9
82,Enslaved: Odyssey to the West,7.8
82,Halo Wars,7.3
82,The Walking Dead: Episode 4 - Around Every Corner,8.3
82,SSX,6.4
80,Tiger Woods PGA Tour 08,7.8
80,Dragon Age: Origins - Awakening,8.1
80,Metro: Last Light,8.4
80,The Walking Dead: Season Two Episode 2 - A House Divided,8.3
80,Kingdoms of Amalur: Reckoning,7.7
80,Snoopy Flying Ace,8.6
80,Magic: The Gathering - Duels of the Planeswalkers 2013,7.0
80,Space Invaders Infinity Gene,8.8
80,UEFA EURO 2008,8.4
76,Singularity,7.7
76,The Club,6.8
76,Fallout 3: The Pitt,7.2
76,The Sims 3,7.2
76,Need for Speed: Rivals,5.4
76,Disney/Pixar Toy Story 3,8.4
76,Lode Runner,7.4
76,Section 8: Prejudice,7.8
76,Alan Wake's American Nightmare,7.8
76,Spider-Man: Shattered Dimensions,7.6
63,Monsters vs. Aliens,6.6
63,Scarygirl,7.7
63,Contra,5.1
63,Borderlands: Mad Moxxi's Underdome Riot,5.6
63,Gin Rummy,
63,Kane & Lynch 2: Dog Days,5.2
63,Bladestorm: The Hundred Years' War,6.8
63,MX vs. ATV Alive,7.2
63,DanceMasters,6.4
68,Vandal Hearts: Flames of Judgment,7.9
68,Alien Breed 3: Descent,6.7
68,The Biggest Loser: Ultimate Workout,
68,EA Sports Active 2,5.4
68,Fable Anniversary,6.8
68,BioShock Infinite: Burial at Sea - Episode One,7.9
68,Serious Sam Double D XXL,5.5
68,Ninja Blade,6.7
68,BloodRayne: Betrayal,7.4
68,Rango,8.0
78,Call of Duty: Black Ops - Annihilation,5.0
78,Top Spin 3,7.6
77,Mutant Storm Reloaded,7.2
77,Devil May Cry HD Collection,8.4
72,Borderlands 2: Sir Hammerlock's Big Game Hunt,6.3
72,Dark Sector,7.5
72,The Splatters,8.8
72,Divinity II: The Dragon Knight Saga,7.8
72,Assassin's Creed Rogue,7.3
72,The Hip Hop Dance Experience,
72,Command & Conquer: Red Alert 3 - Commander's Challenge,6.8
71,Red Faction: Armageddon,7.0
71,The Walking Dead: Season Two Episode 4 - Amid the Ruins,7.1
71,Bee Movie Game,5.8
74,Mafia II,7.8
74,Syndicate,7.1
74,2014 FIFA World Cup Brazil,4.4
74,NCAA Basketball 09: March Madness Edition,
74,SBK X: Superbike World Championship,8.3
74,Dance Dance Revolution Universe,8.8
74,Galaga Legions,7.8
74,Prince of Persia: The Forgotten Sands,7.8
74,Pro Evolution Soccer 2009,6.8
74,Doritos Crash Course,6.7
73,Call of Duty: Ghosts,2.6
88,Battlefield: Bad Company 2 Vietnam,7.8
65,Choplifter HD,3.1
64,Crystal Quest,7.6
64,Fallout: New Vegas - Honest Hearts,7.1
64,Happy Feet Two: The Videogame,7.5
64,Harry Potter and the Half-Blood Prince,6.8
64,Arcania: Gothic 4,5.2
64,Aliens vs. Predator,7.3
64,The Testament of Sherlock Holmes,7.6
64,Puzzlegeddon,
64,F1 2014,4.1
64,Killer Is Dead,7.2
64,London 2012 - The Official Video Game of the Olympic Games,6.4
59,Spectral Force 3,7.5
59,KrissX,
59,Mass Effect 3: From Ashes,3.6
59,Worms Ultimate Mayhem,7.8
59,Angry Birds Star Wars,5.6
59,Hydrophobia,7.4
59,Dynasty Warriors 6 Empires,7.3
59,The Spiderwick Chronicles,
59,Dynasty Warriors: Strikeforce,5.7
51,The History Channel: Civil War - Secret Missions,
51,Babel Rising,3.4
51,Yie Ar Kung-Fu,
51,Fairytale Fights,6.2
51,Qix++,
51,Beowulf: The Game,4.7
51,Saints Row 2: Ultor Exposed,5.9
51,Cabela's Big Game Hunter,
51,Red Johnson's Chronicles - One Against All,
69,I Am Alive,6.3
69,Conan,7.3
69,Plants vs Zombies: Garden Warfare,7.3
69,Enemy Territory: Quake Wars,7.3
69,Quake Arena Arcade,7.0
69,The LEGO Movie Videogame,7.2
69,Silent Hill HD Collection,5.6
69,Pinball FX,7.9
69,Biology Battle,8.7
82,Tom Clancy's Splinter Cell: Blacklist,7.5
82,College Hoops 2K7,8.2
82,Joe Danger 2: The Movie,7.2
82,Catherine,7.9
81,Condemned: Criminal Origins,8.2
81,Tony Hawk's Project 8,7.6
81,Saints Row IV,6.5
81,Trials Evolution: The Riders of Doom,6.2
80,Alan Wake: The Writer,7.3
80,Lazy Raiders,8.8
80,Pro Evolution Soccer 2014,4.3
80,Dark Souls II: Crown of the Sunken King,8.0
80,NBA Live 10,7.7
80,The Walking Dead: Season Two Episode 1 - All That Remains,8.6
80,Tiger Woods PGA Tour 12: The Masters,6.0
80,Naruto: The Broken Bond,7.7
80,FlatOut: Ultimate Carnage,8.8
76,Undertow,7.6
76,Streets of Rage 2,8.6
76,Dragon Age II: Mark of the Assassin,5.4
76,Age of Booty,7.1
76,Battlestations: Pacific,7.4
76,Overlord,8.3
76,"Warhammer 40,000: Space Marine",7.8
76,Scene It? Box Office Smash,7.4
76,RoboBlitz,8.3
76,Tomb Raider: Underworld,6.6
63,Raiden IV,7.8
63,The King of Fighters XII,4.2
63,Angry Birds Trilogy,3.5
63,SBK Superbike World Championship,8.0
63,Fracture,6.2
63,Wits & Wagers,7.4
63,Missile Command,
63,Time Pilot,
63,Track & Field,7.8
63,Dragon Ball Z Budokai HD Collection,8.4
68,Go! Go! Break Steady,8.8
68,MotoGP 08,5.6
68,Enslaved: Odyssey to the West - Pigsy's Perfect 10,7.6
68,Deadlight,7.8
68,The Bureau: XCOM Declassified,6.7
68,Earth Defense Force: Insect Armageddon,8.2
68,Need for Speed: The Run,6.0
68,Infinite Undiscovery,7.0
68,Ice Age: Dawn of the Dinosaurs,7.5
77,Sega Rally Revo,7.2
77,Birds of Steel,8.9
77,NBA Live 09,7.4
77,Shank 2,6.1
77,Sanctum 2,4.8
77,Eets: Chowdown,5.8
77,RISK: Factions,6.6
71,Sacred 2: Fallen Angel,7.3
71,Shank,6.3
71,Record of Agarest War,7.0
71,WWE '12,6.3
71,LEGO Indiana Jones 2: The Adventure Continues,7.4
71,Under Defeat HD,
71,Dead Island,6.9
71,Boulder Dash-XL,
71,Aces of the Galaxy,7.3
73,NBA Live 08,5.3
73,Your Shape: Fitness Evolved,7.5
73,Army of Two: The 40th Day,7.3
73,Just Cause,7.2
73,Jetpac Refuelled,8.4
73,The Saboteur,8.2
73,Medal of Honor: Airborne,6.7
73,The Elder Scrolls V: Skyrim - Dawnguard,7.1
73,Motocross Madness,7.9
88,Need for Speed: Hot Pursuit,7.0
88,NBA 2K13,7.3
87,Rocksmith 2014 Edition,7.5
87,Halo 4,7.0
87,FIFA Soccer 09,8.0
87,Ikaruga,7.9
87,Mass Effect 2: Lair of the Shadow Broker,8.6
87,DiRT 3,7.1
64,Speedball 2: Brutal Deluxe,8.7
64,F1 Race Stars,5.8
64,Magic: Duels of the Planeswalkers 2015,4.3
64,Project Sylpheed: Arc of Deception,8.6
64,Nexuiz,6.1
64,NBA Live 06,5.6
59,Open Season,7.3
59,Green Lantern: Rise of the Manhunters,7.2
59,Bionicle Heroes,5.9
59,NASCAR 08,5.2
59,Dogfight 1942,5.5
59,Fist of the North Star: Ken's Rage,7.4
59,Disney Epic Mickey 2: The Power of Two,5.5
59,Soltrio Solitaire,7.5
59,NBA Live 07,4.9
59,GEON: emotions,8.6
59,Saw,7.4
51,Wing Commander Arena,5.5
50,Flashback,4.7
50,Narco Terror,5.9
50,Battlezone,
50,Haunted House,6.5
50,X-Blades,5.4
50,Dead Space 3: Awakened,5.1
50,Novadrome,7.5
50,Yaiba: Ninja Gaiden Z,5.3
69,Diner Dash,
69,Major League Baseball 2K11,6.8
69,Hitman HD Trilogy,7.2
69,Sega Vintage Collection: Alex Kidd & Co.,8.4
69,Call of Duty: Black Ops II - Vengeance,3.9
69,Giana Sisters: Twisted Dreams,7.4
69,The Amazing Spider-Man,7.4
69,Sonic & Knuckles,8.7
69,Boom Boom Rocket,6.1
68,Band of Bugs,6.0
68,Madballs in Babo: Invasion,8.9
81,Injustice: Gods Among Us,7.9
80,Hitman: Sniper Challenge,7.7
79,Hitman: Absolution,7.1
79,WWE SmackDown vs. Raw 2009,7.1
79,Resident Evil 5: Lost in Nightmares,7.7
79,Kameo: Elements of Power,8.1
79,The King of Fighters XIII,8.2
79,Sesame Street: Once Upon a Monster,6.9
79,Gears of War 2: All Fronts Collection,7.6
79,Banjo-Kazooie: Nuts & Bolts,6.7
79,The Bigs,8.4
79,EA Sports MMA,7.0
75,Alan Wake: The Signal,6.9
75,MX vs. ATV Reflex,6.5
75,WWE 2K14,7.7
75,Top Spin 2,6.8
75,NHL 2K6,6.1
75,Panzer General: Allied Assault,6.9
75,Overlord II,7.2
75,Worms,6.9
75,Sam & Max: Beyond Time and Space,7.9
63,Michael Jackson The Experience,6.8
63,Final Fantasy XI: Wings of the Goddess,5.8
62,Islands of Wakfu,7.3
62,Karaoke Revolution,
62,Inferno Pool,
62,Zombie Apocalypse: Never Die Alone,5.9
62,Hardwood Backgammon,5.8
62,Wanted: Weapons of Fate,7.5
68,MXGP: The Official Motocross Videogame,6.2
68,JoJo's Bizarre Adventure HD Ver.,4.4
68,Planets Under Attack,7.6
68,Puddle,6.9
68,Armored Core V,7.2
77,Your Shape Fitness Evolved 2012,7.6
77,SoulCalibur V,6.3
77,Call of Juarez: Bound in Blood,7.6
77,Banjo-Kazooie,8.2
77,Gears of War 3: RAAM's Shadow,7.8
77,Final Fight: Double Impact,7.9
77,Battlefield 2: Modern Combat,7.3
77,Sonic Generations,8.3
71,WWE Legends of WrestleMania,6.3
71,Zeit Squared,
71,State of Decay: Breakdown,5.5
71,Fighting Vipers,8.1
71,Guitar Hero: Smash Hits,6.0
71,Grand Slam Tennis 2,5.1
71,Retro City Rampage,7.6
71,Nike+ Kinect Training,7.3
71,Comix Zone,8.5
73,Scott Pilgrim vs. the World: The Game,7.5
73,Bandfuse: Rock Legends,7.7
73,The King of Fighters '98 Ultimate Match,7.7
73,Assassin's Creed III - The Infamy,5.0
73,LEGO Pirates of the Caribbean: The Video Game,7.0
73,NBA Baller Beats,6.6
73,Castlevania: Lords of Shadow - Mirror of Fate HD,7.8
73,Battlestations: Midway,7.1
73,Marvel: Ultimate Alliance 2,7.3
73,"Wallace & Gromit's Grand Adventures, Episode 1: Fright of the Bumblebees",7.9
87,Red Dead Redemption: Undead Nightmare Pack,8.2
87,Call of Duty: Black Ops,6.3
87,Fight Night Round 4,8.1
64,Abyss Odyssey,7.0
64,3 on 3 NHL Arcade,7.1
64,Star Trek: Legacy,5.5
64,TNT Racers,
64,Pac-Man Museum,
64,NeoGeo Battle Coliseum,8.0
64,Darksiders II: Argul's Tomb,6.6
64,Dragon Age II: Legacy,5.1
64,Of Orcs and Men,5.8
64,Hardwood Hearts,
59,Arkadian Warriors,5.9
59,Transformers: Dark of the Moon,6.7
59,Dance Paradise,
58,How to Train Your Dragon,7.6
58,Adventure Time: The Secret of the Nameless Kingdom,7.5
58,Pirates of the Caribbean: At World's End,5.3
58,Cabela's Dangerous Hunts 2013,3.7
58,Far Cry Classic,7.5
58,Worms Collection,7.3
58,Front Mission Evolved,6.1
68,BioShock Infinite: Clash in the Clouds,5.9
68,Call of Duty: Modern Warfare 2 - Stimulus Package,2.7
68,1942: Joint Strike,6.2
68,DmC: Devil May Cry - Vergil's Downfall,5.2
81,NBA 2K8,7.0
81,NHL 14,5.9
81,Kingdoms of Amalur: Reckoning - The Legend of Dead Kel,7.8
81,Torchlight,7.7
81,Renegade Ops,8.1
81,Saints Row,7.5
81,LEGO Star Wars II: The Original Trilogy,8.0
81,Saints Row 2,8.1
79,NHL 07,5.3
79,The Walking Dead: Episode 1 - A New Day,8.0
79,Dishonored: The Knife of Dunwall,7.7
79,Lost Planet: Extreme Condition,7.1
79,Chime,7.9
79,Eternal Sonata,7.9
79,NCAA Football 07,6.9
79,Mega Man 10,7.8
75,Dragon's Dogma,7.8
75,Penny Arcade Adventures: Episode Two,7.5
75,NCAA Basketball 10,
75,Resident Evil: Revelations,7.4
75,Gyromancer,6.5
75,Stuntman Ignition,7.3
75,F.E.A.R. 3,7.0
75,Tony Hawk's American Wasteland,7.2
75,Sonic & Sega All-Stars Racing with Banjo-Kazooie,7.5
75,Tropico 3,6.6
75,WWE All Stars,7.2
62,The Legend of Spyro: Dawn of the Dragon,7.2
62,FIFA 06: Road to FIFA World Cup,6.0
62,PowerUp Forever,5.4
62,Might & Magic: Duel of Champions - Forgotten Wars,
62,TNA iMPACT!,5.9
62,Batman: Arkham Origins Blackgate - Deluxe Edition,7.2
62,Marathon: Durandal,7.6
62,Sherlock Holmes vs. Jack the Ripper,6.8
62,Assassin's Creed Liberation HD,5.7
62,Rumble Roses XX,6.4
62,Bionic Commando Rearmed 2,6.3
68,Schizoid,7.8
68,Flock!,4.8
77,Sonic the Hedgehog (Live Arcade),8.7
77,Dungeons & Dragons: Chronicles of Mystara,5.8
77,Wik: The Fable of Souls,6.8
77,Daytona USA,8.0
77,World of Tanks: Xbox 360 Edition,6.7
77,Tomb Raider: Anniversary,8.3
77,Lumines Live!,7.5
77,DoDonPachi Resurrection,8.3
77,Red Dead Redemption: Liars and Cheats,7.6
71,Call of Juarez,6.9
71,Stacking: The Lost Hobo King,8.8
71,Guardians of Middle-Earth,7.9
71,50 Cent: Blood on the Sand,6.4
71,Meteos Wars,6.5
71,Tropico 5,7.2
71,NHL 2K8,7.4
71,Warriors Orochi 3,8.1
71,LEGO Rock Band,7.2
73,The Wolf Among Us: Episode 2 - Smoke and Mirrors,7.8
73,"Wallace & Gromit's Grand Adventures, Episode 2: The Last Resort",
73,Hybrid,7.4
73,Dishonored: Dunwall City Trials,6.3
73,Earthworm Jim HD,8.0
73,Thrillville: Off the Rails,2.8
73,Tom Clancy's HAWX,7.3
73,Worms Revolution,5.9
73,Jonah Lomu Rugby Challenge,6.0
87,Bit.Trip Presents...Runner2: Future Legend of Rhythm Alien,7.3
87,DiRT 2,8.2
87,Rayman Origins,8.2
87,Pinball FX 2: Star Wars Pinball,6.4
87,Spelunky,7.3
64,Yosumin! LIVE,
64,Wheelman,7.4
64,Major League Baseball 2K9,5.3
64,Mad Riders,7.1
64,Need for Speed Undercover,5.9
64,Phantasy Star Universe,7.4
64,Armored Core: For Answer,7.8
58,TRON: Evolution,5.8
58,Rush'n Attack,
58,Lost Planet 3,5.8
58,God Mode,6.3
58,Blade Kitten,5.8
58,Ninja Gaiden 3,4.4
58,Alone in the Dark,5.7
58,Assassin's Creed II: Battle of Forli,6.2
58,WRC Powerslide,5.7
81,NCAA Football 08,7.8
81,Dungeon Siege III: Treasures of the Sun,6.2
81,Dishonored: The Brigmore Witches,7.8
81,Virtua Fighter 5 Final Showdown,8.0
81,Sensible World of Soccer,7.2
81,Toy Soldiers: Cold War,8.6
81,Assassin's Creed,7.7
81,ilomilo,8.0
81,Uno,7.9
79,Sonic's Ultimate Genesis Collection,8.6
79,SoulCalibur,8.1
79,Counter-Strike: Global Offensive,7.0
79,LEGO Batman 2: DC Super Heroes,7.2
79,Monday Night Combat,8.1
79,Gunstar Heroes,8.1
79,Quarrel,8.1
75,Magic: The Gathering - Duels of the Planeswalkers 2012,8.0
75,GRID Autosport,6.0
75,Blood of the Werewolf,6.6
75,Akai Katana,8.0
75,Supreme Commander 2,7.1
75,Payday 2,6.3
75,Zone of the Enders HD Collection,8.8
75,All-Pro Football 2K8,6.8
62,Tornado Outbreak,8.0
62,Hardwood Spades,6.5
62,Pac-Man,5.1
62,Mortal Kombat Arcade Kollection,6.4
62,Divinity II: Ego Draconis,6.4
62,Cloudy With a Chance of Meatballs,6.5
62,BlackSite: Area 51,6.1
62,Heroes Over Europe,8.1
62,Marvel Avengers: Battle for Earth,7.3
68,Ascend: Hand of Kul,7.6
68,Capcom Arcade Cabinet,3.1
68,Golden Axe,8.3
68,Saints Row IV: Enter the Dominatrix,6.3
68,Jewel Quest,
67,Fallout 3 - Operation: Anchorage,6.5
67,The Simpsons Arcade Game,7.1
67,Shoot Many Robots,7.0
67,Nin2-Jump,7.8
77,LEGO Indiana Jones: The Original Adventures,7.5
77,Dungeon Defenders,6.8
77,Operation Flashpoint: Dragon Rising,7.8
77,Stranglehold,7.6
77,Fable III: Traitor's Keep Quest Pack,7.8
77,Rocksmith,8.2
71,Robert Ludlum's The Bourne Conspiracy,7.2
71,Mass Effect 2: Kasumi - Stolen Memory,7.9
71,NBA 2K10: Draft Combine,
71,Hasbro Family Game Night: Sorry!,
71,Battle Fantasia,6.6
71,WWE SmackDown vs. Raw 2008,6.8
71,Lips,7.4
73,Small Arms,7.4
73,Star Wars: The Force Unleashed,6.7
73,Virtual-On: Oratorio Tangram Ver.5.66,8.3
73,Raiden Fighters Aces,7.5
73,Left 4 Dead 2: Cold Stream,7.4
73,Zumba Fitness Rush,6.2
73,Banjo-Tooie,8.3
73,Kinect: Disneyland Adventures,2.9
73,"Scene It? Lights, Camera, Action",8.1
87,Diablo III,6.6
87,Puzzle Quest: Challenge of the Warlords,8.3
87,GRID,7.9
87,NBA 2K14,4.9
86,The Elder Scrolls IV: Shivering Isles,8.5
86,BlazBlue: Calamity Trigger,8.5
86,Dragon Age: Origins,7.9
86,Tomb Raider,8.5
64,Phantasy Star II,7.6
64,The Baconing,6.1
64,Apples to Apples,
81,Super Time Force,5.4
81,Toy Soldiers,8.6
81,Crysis,7.6
81,Just Cause 2,8.0
81,Rage,6.7
81,Rockstar Games presents Table Tennis,7.8
81,Borderlands 2: Captain Scarlett and Her Pirate's Booty,7.8
81,The Dishwasher: Vampire Smile,8.1
81,Skulls of the Shogun,8.1
79,Transformers: Fall of Cybertron,8.4
79,BlazBlue: Continuum Shift Extend,7.8
79,Orcs Must Die!,8.1
79,Sonic the Hedgehog 3,8.7
79,Dead Rising 2: Case Zero,7.9
79,DeathSpank,8.2
79,Tom Clancy's Ghost Recon: Future Soldier,7.2
79,Winning Eleven: Pro Evolution Soccer 2007,6.5
79,The Lord of the Rings: The Battle for Middle-Earth II,7.5
75,Hard Corps: Uprising,7.2
75,The Maw,7.7
75,Raskulls,7.1
75,WWE SmackDown vs. Raw 2011,7.6
75,Magic: The Gathering - Duels of the Planeswalkers,7.4
75,Frontlines: Fuel of War,7.8
75,Dead or Alive 5 Ultimate,7.5
75,Call of Duty: Black Ops II - Revolution,5.1
75,Culdcept Saga,8.7
75,Quake 4,6.7
75,DiRT Showdown,6.5
62,Fable II: See the Future,6.6
62,DreamWorks Shrek Forever After,6.2
62,Madagascar: Escape 2 Africa,
62,Rainbow Islands: Towering Adventure!,
62,WRC 4: FIA World Rally Championship,6.5
62,Fuse,5.5
67,The Fancy Pants Adventures,6.8
67,PopCap Arcade Vol 2,
67,Sniper Elite V2,6.8
67,Disney Castle of Illusion starring Mickey Mouse,7.0
67,Space Ark,
67,NIER,8.4
67,Wreckateer,5.5
67,Alien Breed 2: Assault,5.4
67,Assassin's Creed II: Bonfire of the Vanities,6.5
67,Assassin's Creed III - The Betrayal,5.1
77,Zuma Deluxe,7.4
77,Outpost Kaloki X,6.6
77,Command & Conquer: Red Alert 3,7.3
77,LEGO Harry Potter: Years 5-7,8.0
77,Mutant Storm Empire,8.8
77,Doom II,8.3
77,Need for Speed Carbon,6.3
77,The Wolf Among Us: Episode 3 - A Crooked Mile,8.2
77,Tom Clancy's EndWar,7.2
71,Paperboy,6.2
71,Gotham City Impostors,7.0
71,The Simpsons Game,7.7
71,Fruit Ninja Kinect,6.4
71,Easy Golf: Course Architect,7.9
71,Chromehounds,7.0
71,Tiger Woods PGA Tour 06,7.4
71,Asura's Wrath,6.6
71,"Batman: Arkham Origins - Cold, Cold Heart",7.9
73,Dante's Inferno,7.7
73,FIFA 07 Soccer,7.6
73,Kinect Sports,7.4
73,Assassin's Creed IV: Black Flag - Freedom Cry,6.6
86,Borderlands 2: Tiny Tina's Assault on Dragon Keep,8.4
86,Pinball FX 2: Marvel Pinball,8.3
86,Trials HD,8.6
86,Radiant Silvergun,8.5
86,Mortal Kombat,8.3
86,Brothers: A Tale of Two Sons,8.6
86,NCAA Football 11,7.1
86,Street Fighter III: Third Strike Online Edition,7.2
86,DmC: Devil May Cry,5.1
81,Borderlands: The Zombie Island of Dr. Ned,8.4
81,Terraria,7.2
81,Madden NFL 13,5.8
81,Poker Smash,8.5
81,College Hoops 2K8,6.9
81,Monaco: What's Yours Is Mine,7.3
81,Midnight Club: Los Angeles,8.5
79,Dead Rising 2,6.9
79,Hexic HD,7.0
79,CastleStorm,6.8
79,Ultimate Marvel vs. Capcom 3,6.2
79,Final Fantasy XIII-2,6.3
79,LEGO Harry Potter: Years 1-4,8.0
79,Kingdoms of Amalur: Reckoning - Teeth of Naros,7.1
79,Mirror's Edge,7.5
79,Alien Hominid HD,7.5
75,DreamWorks Kung Fu Panda,7.4
75,Exit,7.7
75,El Shaddai: Ascension of the Metatron,7.0
75,The Dishwasher: Dead Samurai,7.8
75,Gears of War 3: Fenix Rising Map Pack,5.8
75,Green Day: Rock Band,6.6
75,Smash T.V.,8.0
62,NASCAR 2011: The Game,4.1
62,WRC 3,7.7
62,Mafia II: Jimmy's Vendetta,3.6
62,Mad Tracks,7.5
62,Naruto Shippuden: Ultimate Ninja Storm Revolution,7.3
62,Splatterhouse,7.6
62,Tower Bloxx Deluxe,7.3
62,Deadpool,7.4
67,Thunder Wolves,5.3
67,NCAA March Madness 07,7.1
67,Constant C,
67,Sega Superstars Tennis,6.8
67,Resident Evil Code: Veronica X HD,8.1
67,"Warhammer 40,000: Kill Team",6.9
67,Joy Ride Turbo,8.2
67,Castlevania: Harmony of Despair,6.8
67,Resident Evil 6,5.0
67,NFL Head Coach 09,8.1
77,Metro 2033,7.8
77,SkyDrift,8.0
77,NCAA Football 14,5.8
77,Tropico 4,7.5
77,The Godfather,7.7
77,The Gunstringer,8.1
77,Dragon's Dogma: Dark Arisen,8.1
77,Heavy Weapon: Atomic Tank,7.8
77,The Adventures of Shuggy,8.2
77,Uno Rush,7.2
77,Pinball FX 2: MARS,7.0
71,Ridge Racer Unbounded,7.7
70,Bionic Commando,7.3
70,Crackdown 2,6.0
73,Beautiful Katamari,7.0
73,Warp,7.4
73,Anarchy Reigns,7.9
73,Mini Ninjas,8.4
73,AirMech Arena,7.3
73,Saints Row: The Third - Gangstas in Space,5.9
72,Crimson Alliance,7.2
72,Rock of Ages,8.4
72,UEFA Champions League 2006-2007,8.2
86,Assassin's Creed IV: Black Flag,7.9
86,Dance Central 2,8.2
86,Geometry Wars: Retro Evolved,8.5
86,Fight Night Round 3,8.8
86,Bastion,8.5
86,Fight Night Champion,7.4
86,Tom Clancy's Ghost Recon Advanced Warfighter 2,8.0
86,Max Payne 3,7.8
86,Skate,8.4
86,NHL 12,7.0
81,Halo: Reach - Defiant Map Pack,7.3
81,Catan,8.0
81,Mass Effect 2: Overlord,7.6
81,NBA 2K6,8.6
81,Perfect Dark Zero,7.3
81,WWE SmackDown vs. Raw 2007,7.8
81,Ninja Gaiden II,8.0
81,Kinect Party,6.6
81,Puzzle Quest 2,8.5
81,Prince of Persia,7.0
80,Madden NFL 25,5.6
80,Ace Combat 6: Fires of Liberation,7.9
79,Ghostbusters: The Video Game,8.5
75,Assassin's Creed: Brotherhood - The Da Vinci Disappearance,8.3
75,Command & Conquer 3: Kane's Wrath,6.8
75,Assault Heroes 2,5.3
75,Hydro Thunder Hurricane,8.3
75,LEGO Star Wars III: The Clone Wars,7.8
75,Gun,7.5
75,X-Men Origins: Wolverine,8.3
75,NBA Jam,7.0
74,Hasbro Family Game Night: Sorry! Sliders,
74,Droplitz,7.2
62,James Bond 007: Blood Stone,7.1
62,Bakugan: Defenders of the Core,
61,Blacklight: Tango Down,7.4
61,Up,6.8
61,The Lord of the Rings: War in the North,7.4
61,Dynasty Warriors 5 Empires,8.2
61,Ninety-Nine Nights,6.7
61,Star Wars: The Force Unleashed II,5.8
61,Blood Bowl,5.0
61,Frogger,5.0
61,Shaun White Skateboarding,5.3
67,Two Worlds II,6.6
67,Tecmo Bowl Throwback,7.3
67,Rayman Raving Rabbids,7.3
67,Prince of Persia: Epilogue,6.3
67,Doom 3 BFG Edition,6.5
66,Galaga,7.7
66,Double Dragon: Neon,7.2
66,Red Faction: Guerrilla - Demons of the Badlands,5.6
66,Zombie Apocalypse,7.7
66,Shadowrun,7.5
77,Tiger Woods PGA Tour 14,6.2
77,F.E.A.R. 2: Project Origin,8.0
77,Garou: Mark of the Wolves,8.6
77,A World of Keflings,6.4
77,Just Dance 4,7.7
77,de Blob 2,7.5
77,Zumba Fitness Core,6.7
77,Full House Poker,6.7
77,FIFA Street,6.7
77,Awesomenauts,7.7
70,The Sims 3: Pets,3.5
72,Battlefield 3: Close Quarters,5.5
72,Omega Five,8.4
72,Race Pro,7.0
72,Commanders: Attack of the Genos,6.4
86,The Elder Scrolls IV - Knights of the Nine,7.5
86,Dance Central 3,8.0
86,DJ Hero 2,7.9
85,Tom Clancy's Splinter Cell: Conviction,7.7
85,Project Gotham Racing 4,8.5
85,NHL 08,8.2
85,Guitar Hero III: Legends of Rock,7.9
80,LEGO Marvel Super Heroes,7.6
80,Bully: Scholarship Edition,8.3
80,Rocket Riot,7.7
80,Assassin's Creed: Revelations,7.2
80,Madden NFL 07,6.0
80,WWE SmackDown vs. Raw 2010,8.4
80,Tiger Woods PGA Tour 10,6.9
80,Condemned 2: Bloodshot,8.4
80,Far Cry 3: Blood Dragon,8.4
80,Driver: San Francisco,7.6
79,Just Dance 2014,7.8
79,Hasbro Family Game Night: Scrabble,8.0
79,Prey,7.4
79,Battlefield 4,5.6
79,Call of Duty: Black Ops - Escalation,5.2
79,Dragon Age II,4.5
79,Tales of Vesperia,8.2
61,Sonic the Hedgehog 4: Episode II,6.8
61,Mafia II: Joe's Adventures,4.8
61,Slender: The Arrival,6.7
61,Midway Arcade Origins,7.3
61,Hunted: The Demon's Forge,6.0
66,Final Fantasy XI,6.5
66,Naruto Shippuden: Ultimate Ninja Storm 3 Full Burst,7.6
66,Marlow Briggs and the Mask of Death,5.4
66,F.E.A.R. Files,7.1
66,WRC: FIA World Rally Championship,6.0
66,The Last Remnant,6.9
66,Kinect Sports: Season Two,6.5
66,Fantastic Pets,7.5
66,Backbreaker: Vengeance,5.0
77,Tiger Woods PGA Tour 13,5.6
76,Insanely Twisted Shadow Planet,7.9
76,Crysis 3,6.7
76,Left 4 Dead: Crash Course,7.7
76,Pro Evolution Soccer 2008,7.8
76,Transformers: War for Cybertron,8.5
76,Guwange,8.6
76,Strider,7.4
76,NCAA Football 13,5.5
76,Spec Ops: The Line,8.2
85,Tom Clancy's Splinter Cell: Conviction - Deniable Ops Insurgency Pack,6.8
80,Space Invaders Extreme,8.0
80,LEGO The Lord of the Rings,8.5
80,From Dust,7.5
80,NBA Street Homecourt,8.2
80,Duke Nukem 3D,8.2
80,Darwinia+,6.1
80,The Darkness II,7.5
80,IL-2 Sturmovik: Birds of Prey,8.4
80,Tiger Woods PGA Tour 07,7.9
80,Tekken 6,7.0
80,Skate 3,8.0
80,Tomb Raider: Legend,7.4
79,Greed Corp,7.0
79,Anomaly: Warzone Earth,6.1
79,Pinball FX 2: Ms. 'Splosion Man,
79,Carcassonne,8.4
79,Assault Heroes,7.4
79,Perfect Dark,8.6
79,Gears of War: Judgment,5.5
79,Pool Nation,7.7
79,Tiger Woods PGA Tour 11,7.8
79,OutRun Online Arcade,8.2
66,Rock Band Country Track Pack,
66,Universe at War: Earth Assault,8.3
66,Fuel,7.0
66,Blazing Angels: Squadrons of WWII,7.9
85,Call of Duty: Modern Warfare 3 - Collection 1,3.3
85,Lara Croft and the Guardian of Light,8.4
85,Trials Evolution: Origin of Pain,8.4
85,Tom Clancy's Splinter Cell Double Agent,8.1
85,Madden NFL 10,6.1
85,BlazBlue: Continuum Shift,8.7
85,Guitar Hero World Tour,6.3
85,Dead or Alive 4,8.2
80,Peter Jackson's King Kong: The Official Game of the Movie,7.5
80,Sleeping Dogs,7.9
80,The Walking Dead: 400 Days,7.7
80,MotoGP '06,7.7
80,LEGO Star Wars: The Complete Saga,7.4
80,Fable III,6.5
80,Skylanders Giants,6.6
80,Zero D Beat Drop,
80,Virtua Tennis 3,6.8
80,Cloning Clyde,7.9
80,Grand Theft Auto Online,5.8
84,F1 2011,7.1
79,Major League Baseball 2K7,7.1
79,Marble Blast Ultra,8.3
79,Pro Evolution Soccer 2011,5.9
79,F1 2013,6.6
79,Blue Dragon,7.8
78,Roogoo,7.4
78,Hasbro Family Game Night: Yahtzee,4.3
78,Skylanders: Spyro's Adventure,5.2
78,Madden NFL 12,5.9
85,Pure,7.7
85,SoulCalibur IV,8.0
85,Forza Horizon,8.4
85,Monkey Island 2 Special Edition: LeChuck's Revenge,8.7
85,Marvel vs. Capcom 3: Fate of Two Worlds,7.1
85,Guitar Hero 5,6.8
85,NBA Jam: On Fire Edition,7.5
85,Dead Rising,7.6
84,BioShock Infinite: Burial at Sea - Episode Two,8.5
84,Sega Vintage Collection: Streets of Rage,8.4
84,NBA 2K9,7.2
84,Need for Speed: Most Wanted - A Criterion Game,5.4
84,Worms 2: Armageddon,7.2
84,DJ Hero,8.0
84,Bulletstorm,7.6
84,Fallout: New Vegas,8.1
84,Pinball FX 2: Marvel Pinball - Vengeance and Virtue,
84,Saints Row: The Third,7.6
84,Skate 2,7.9
84,Borderlands,8.2
78,Lost Odyssey,8.3
78,WWE '13,8.0
78,Prototype,7.8
78,DeathSpank: Thongs of Virtue,8.1
78,AstroPop,4.9
78,Kinectimals: Now with Bears!,1.3
78,Super Street Fighter IV: Arcade Edition,7.0
78,Naruto: Rise of a Ninja,8.6
78,Bust-A-Move Live!,
78,Bejeweled 3,8.4
85,Persona 4 Arena Ultimax,7.4
85,Pinball FX 2: Marvel Pinball - Civil War,
85,Madden NFL 08,6.4
85,BattleBlock Theater,7.8
85,Borderlands: The Secret Armory of General Knoxx,8.0
85,UFC Undisputed 3,7.6
85,The Wolf Among Us: Episode 5 - Cry Wolf,8.3
85,Gears of War 3: Forces of Nature Map Pack,7.9
85,Red Faction: Guerrilla,8.0
84,Madden NFL 11,5.7
84,FIFA 14,4.2
84,Ultra Street Fighter IV,6.6
84,The Walking Dead: Season Two Episode 5 - No Going Back,8.7
84,Might & Magic: Clash of Heroes,8.1
84,Child of Eden,7.7
84,Resident Evil 4 HD,7.7
84,Vanquish,8.4
85,F.E.A.R.,7.3
85,Trine 2,7.3
85,Bionic Commando Rearmed,8.4
85,Far Cry 2,6.7
84,Call of Duty: World at War,7.6
84,Bomberman Live,8.0
84,Crysis 2,7.5
84,Viva Pinata,8.0
84,'Splosion Man,7.9
84,Beyond Good & Evil HD,8.4
84,Top Spin 4,8.2
84,Tiger Woods PGA Tour 09,7.8
84,F1 2010,7.5
84,Pinball FX 2: Epic Quest,6.6
83,Borderlands 2: Mr. Torgue's Campaign of Carnage,8.2
83,Battlefield 1943,7.9
83,Darksiders II,8.0
83,Battlefield 3: Back to Karkand,6.9
83,N+,8.5
83,Fallout 3: Point Lookout,8.3
83,Halo 3: ODST,7.1
84,Battlefield 3,7.4
84,UFC Undisputed 2010,6.7
84,Assassin's Creed III,6.8
84,Outland,7.4
84,Mass Effect 3: Citadel,8.1
84,NBA 2K7,7.8
84,Devil May Cry 4,8.0
84,Guitar Hero: Metallica,8.1
84,Sid Meier's Civilization Revolution,7.8
83,The Wolf Among Us,7.6
83,DiRT,7.4
83,Resident Evil 5,7.5
83,Street Fighter X Tekken,4.4
83,Call of Duty: Black Ops II,4.8
83,Persona 4 Arena,7.3
83,Sine Mora,7.3
83,Need for Speed: Shift,6.5
84,The Walking Dead: Episode 2 - Starved for Help,8.5
84,F1 2012,6.9
84,Stacking,8.1
83,Need for Speed: Most Wanted,8.4
83,Pinball Hall of Fame: The Williams Collection,8.3
83,NCAA Football 10,6.7
83,Guardian Heroes,8.6
83,Dark Souls II: Crown of the Ivory King,8.7
83,Crackdown,8.0
83,UFC Undisputed 2009,7.9
83,Madden NFL 09,7.0
83,Magic: Duels of the Planeswalkers 2014,5.2
83,NHL 13,6.6
83,Fallout: New Vegas - Old World Blues,8.2
83,The Misadventures of P.B. Winterbottom,7.5
83,Castlevania: Lords of Shadow,7.8
83,Darksiders,7.9
83,Titanfall,5.9
83,Pac-Man Championship Edition,8.5
83,Tekken Tag Tournament 2,7.4
83,RAGE: The Scorchers,6.0
83,2010 FIFA World Cup South Africa,8.1
83,Ms. 'Splosion Man,6.5
83,Super Puzzle Fighter II Turbo HD Remix,8.0
83,Alan Wake,8.1
83,Dust: An Elysian Tail,7.9
83,Battlefield: Bad Company,7.7
83,NCAA Football 09,7.7
83,Skylanders Swap Force,5.7
83,Costume Quest: Grubbins on Ice,8.1
82,Defense Grid: The Awakening,7.3
82,Tom Clancy's Rainbow Six Vegas 2,7.8
82,BioShock 2: Minerva's Den,8.8
82,Dance Central,7.6
82,Minecraft: Xbox 360 Edition,7.2
82,NBA 2K10,7.6
82,You Don't Know Jack,7.9
82,South Park: The Stick of Truth,8.5
82,Viva Pinata: Trouble in Paradise,7.9
82,Shift 2: Unleashed,6.5
82,Iron Brigade,7.8
82,Unreal Tournament III,7.6
82,Sonic CD,8.6
82,Darkstalkers Resurrection,6.4
82,The Pinball Arcade,6.8
82,Marvel: Ultimate Alliance,7.5
82,NCAA Football 12,6.6
82,The Darkness,8.1
82,The Walking Dead: Season Two Episode 3 - In Harm's Way,8.6
82,Test Drive Unlimited,8.0
82,Blur,8.3
82,The Elder Scrolls V: Skyrim - Dragonborn,8.0
82,Doom,8.3
82,Mega Man 9,8.3
82,Hitman: Blood Money,8.7
82,Brutal Legend,8.0
82,Castle Crashers,8.8
82,The Chronicles of Riddick: Assault on Dark Athena,8.2
82,Marvel vs. Capcom 2,8.0
82,Prince of Persia Classic,7.1
82,Fallout 3: Broken Steel,8.4
82,Call of Duty 3,6.5
82,Split/Second,8.1
82,Halo: Combat Evolved Anniversary,8.1
