in_progress,gameName,votes,comments
,Call of Duty: Black Ops II,213158,19799
,Skyrim,173790,7137
,Call of Duty: Modern Warfare 2,169722,5136
,Call of Duty: Modern Warfare 3,120680,2244
,Call of Duty 4: Modern Warfare,115542,1436
,Batman: Arkham City,75369,669
,Grand Theft Auto: San Andreas,73086,1028
,Assassin's Creed III,64986,1142
,GTA V,57644,3080
,Batman: Arkham Asylum,56326,363
,Halo 4,53947,752
,Halo 3,51736,610
,Assassin's Creed Brotherhood,48618,387
,Far Cry 3,46660,650
,L.A. Noire,43910,492
,Batman: Arkham Origins,43816,540
,Dishonored,40240,141
,Saints Row: The Third,39718,419
,Assassin's Creed Revelations,39334,204
,Dead Space 3,37261,393
,The Club,649,13
,Farming Simulator,649,12
,Madden NFL 08,648,5
,Otomedius Excellent,647,36
,Dynasty Warriors: Strikeforce,645,3
,Shaun White Snowboarding,645,35
,NCAA March Madness07,644,0
,Undertow,641,4
,Bangai-O HD,639,7
,WATCHMEN PART 2,637,3
,Trouble Witches Neo,636,16
,Bomberman Act: Zero,633,24
,Hunted Demons Forge,630,18
,FIFA 07,628,9
,Hellboy: The Science of Evil,628,1
,Enemy Territory: Quake Wars,627,6
,Farming Simulator 15,622,46
,Samurai Warriors 2 Empires,621,4
,Way of the Samurai 3,621,13
,Amy,619,5
,F1 2011,717,8
,Adventure Time: Explore the Dungeon Because I DON'T KNOW,716,2
,Alien Breed Episode 1,713,4
,Alien Breed 2: Assault,713,1
,NASCAR 09,712,11
,Valiant Hearts,712,7
,F1 2010,702,6
,Thrillville: Off the Rails,702,45
,Zoo Tycoon,702,10
,Zombie Apocalypse: Never Die Alone,702,0
,Blacksite,701,12
,Assault Heroes,699,2
,Samurai Shodown SEN,697,21
,Adventure Time: The Secret of the Nameless Kingdom,695,1
,Madden NFL 09,694,5
,Wheel of Fortune,687,31
,Apache: Air Assault,686,37
,The Crew,686,10
,Bubble Bobble Neo!,686,20
,Section 8: Prejudice,684,16
,ArcaniA,770,5
,Vigilante 8 Arcade,765,28
,EA SPORTS Grand Slam Tennis 2,763,80
,Madden NFL 10,758,6
,Virtua Tennis 2009,757,11
,Rayman Raving Rabbids,756,13
,Sine Mora,752,11
,NCAA March Madness08,752,3
,Murdered: Soul Suspect,748,4
,Sherlock Holmes vs Jack the Ripper,745,9
,Telltale Games' Poker Night 2,742,18
,Ridge Racer Unbounded,737,4
,Marathon: Durandal,736,38
,Section 8,732,12
,Space Invaders Extreme,731,7
,Thor: God of Thunder,725,4
,Deadliest Warrior,724,19
,Madden NFL Arcade,724,28
,Fracture,723,11
,You Don't Know Jack,722,15
,Real Steel,683,33
,The BIGS 2,683,55
,World Series of Poker: Tournament of Champions,681,30
,Strider,681,4
,Alien Breed 3: Descent,680,2
,NCAA Basketball March Madness Edition,678,6
,Painkiller: Hell & Damnation,674,11
,Jurassic: The Hunted,673,16
,NCAA Basketball 09,853,4
,Legendary,673,5
,Pac-Man: Ghostly Adventures,671,11
,NASCAR Inside Line,669,16
,WALL-E,668,8
,Chivalry,666,20
,Pacific Rim,664,12
,Syberia 2,661,10
,SpongeBob's Truth or Square,656,18
,Dark Messiah of Might and Magic: Elements,843,6
,Blazing Angels 2,831,9
,Geometry Wars 3: Dimensions Evolved,829,9
,Crimson Alliance,827,13
,Mad Max,821,5
,Cyber Troopers Virtual-On Oratorio Tangram,819,64
,Tetris Splash,819,25
,Retro City Rampage: DX,817,14
,Pinball Arcade,656,0
,London 2012,655,71
,Green Lantern,654,7
,UFC Undisputed 2010,651,5
,Madden NFL 11,802,5
,DeathSpank: The Baconing,800,5
,Tiger Woods PGA Tour 13,797,18
,Tiger Woods PGA Tour 12: The Masters,795,31
,The King of Fighters: Sky Stage,788,5
,Wanted: Weapons of Fate,783,13
,Samurai Warriors 2,780,5
,Crash Mind Over Mutant,896,29
,F1 RACE STARS,778,60
,Majin and the Forsaken Kingdom,774,17
,X-Blades,773,12
,Full Auto,770,16
,Ecco the Dolphin,895,7
,Insanely Twisted Shadow Planet,895,10
,WATCHMEN,895,7
,Dynasty Warriors 6: Empires,893,2
,Leisure Suit Larry,889,9
,Dynasty Warriors 5: Empires,888,8
,Blazing Angels,887,15
,Slender: The Arrival,887,8
,Zombie Apocalypse,885,5
,Fatal Fury Special,881,9
,Hasbro Family Game Night 3,878,24
,Bejeweled Blitz LIVE,877,12
,Avatar: The Last Airbender: The Burning Earth,872,12
,Pirates of the Caribbean: At Worlds End,871,9
,The Outfit,865,32
,Life Is Strange,864,26
,FIFA 10,863,4
,NHL 15,857,25
,F1 2012,855,16
,Child of Light,1030,3
,"Warhammer 40,000: Kill Team",1029,7
,NHL14,1026,35
,Madden NFL 12,1026,26
,Angry Birds Star Wars,1021,9
,F1 2014,1021,14
,All Pro Football 2K8,1020,124
,Espn 2k5,1009,53
,NBA 2K12,1008,24
,Scene It? Lights Camera Action,1007,7
,Dynasty Warriors 6,1005,5
,Fist of the North Star,996,52
,Snoopy Flying Ace,991,45
,FIFA 11,991,7
,FUEL,988,29
,NCAA Football 08,980,1
,Serious Sam Double D XXL,972,7
,Scene It? Movie Night,970,7
,Digimon: All-Star Rumble,970,41
,Fist of the North Star: Kens Rage 2,957,50
,Orcs Must Die!,957,10
,Record of Agarest War,951,24
,Mini Ninjas,948,30
,Disney Universe,946,33
,Birds of Steel,946,132
,Blitz: The League,942,16
,Harms Way,938,13
,2006 FIFA World Cup,925,9
,Tron,922,9
,Project Sylpheed,921,22
,DeathSpank,920,11
,Game of Thrones,919,7
,NCAA Football 07,917,4
,Cars,915,25
,Goat Simulator,909,10
,Record of Agarest War Zero,901,16
,Culdcept SAGA,900,123
,Fuse,900,21
,IL-2 Sturmovik: Birds of Prey,899,59
,Magic 2015,897,5
,Scene It? Box Office Smash!,1120,19
,Crash Of The Titans,1118,42
,Divinity II,1114,10
,NCAA Football 09,1108,3
,Naughty Bear: Panic in Paradise,1108,22
,Raiden Fighters Aces,1103,23
,Shank,1099,7
,Dead to Rights: Retribution,1082,11
,Game of Thrones: A Telltale Game Series,1082,10
,Velvet Assassin,1079,16
,Akai Katana,1077,33
,UFC Undisputed 3,1074,72
,BlazBlue Continuum Shift,1071,1
,Shift 2 Unleashed,1071,16
,Golden Axe: Beast Rider,1068,18
,Tropico 3,1056,5
,1942: Joint Strike,1055,6
,James Cameron's Avatar,1046,35
,Amped 3,1044,64
,College Hoops 2K8,1033,96
,2010 FIFA World Cup,1287,22
,Fuzion Frenzy 2,1276,41
,Saw II,1269,14
,Hydrophobia,1263,7
,BlazBlue,1256,9
,Hard Corps: Uprising,1252,43
,Madden NFL 15,1245,26
,NCAA Football 10,1244,4
,Skylanders SWAP Force,1241,16
,Onechanbara,1239,26
,Family Game Night,1235,22
,Kingdom Under Fire: Circle of Doom,1233,46
,Raiden IV,1225,25
,Angry Birds Trilogy,1225,10
,Def Jam: ICON,1220,59
,Risen 3: Titan Lords,1200,20
,South Park: Tenorman's Revenge,1200,9
,Shinobi,1197,21
,MX vs. ATV Supercross,1195,25
,3D Ultra Minigolf,1193,49
,NBA 2K15,1188,37
,NBA 2K14,1186,18
,Worms: Ultimate Mayhem,1178,26
,Madden NFL 13,1176,19
,Iron Man 2,1175,8
,The Bourne Conspiracy,1173,33
,Superman Returns,1171,55
,Monopoly Streets,1169,37
,Happy Wars,1166,13
,Guardians of Middle-earth,1162,63
,Peggle 2,1155,4
,Guilty Gear 2,1152,18
,Blitz: The League II,1150,91
,Frontlines: Fuel of War,1149,43
,Dynasty Warriors 7,1137,8
,The Bureau,1135,26
,DeathSmiles2 X,1133,24
,Assassins Creed The Americas Collection,1133,15
,Skylanders Trap Team,1128,14
,Costume Quest,1122,15
,Tony Hawk's Proving Ground,1389,23
,Teenage Mutant Ninja Turtles: Danger of the Ooze,1388,14
,Yaiba: Ninja Gaiden Z,1379,15
,Transformers: Rise of the Dark Spark,1378,10
,El Shaddai,1369,38
,Transformers 2,1368,29
,Iron Man,1363,25
,Risk,1467,56
,Sega Vintage Collection: ToeJam & Earl,1362,60
,Magic 2014  Duels of the Planeswalkers,1359,10
,Magic: The Gathering,1357,2
,Kung Fu Panda,1354,18
,Risen 2: Dark Waters,1346,8
,Risen,1338,14
,Viva Piñata: Party Animals,1466,36
,BulletWitch,1464,29
,Virtua Tennis 3,1464,83
,Earth Defense Force: Insect Armageddon,1463,10
,BlazBlue Continuum Shift Extend,1454,19
,Clive Barker's Jericho,1444,32
,Quake Arena Arcade,1329,21
,Saw,1327,27
,Ridge Racer 6,1315,44
,NFL Blitz,1301,58
,Pinball FX2,1293,14
,Tiger Woods PGA Tour 14,1290,139
,Magnacarta2,1289,59
,Transformers: The Game,1438,13
,Conan,1438,29
,TimeShift,1434,11
,NCAA Football 11,1429,12
,MX vs. ATV: Untamed,1421,43
,Madden NFL 25,1421,23
,Guilty Gear XX ACore Plus,1419,21
,EA SPORTS 2014 FIFA World Cup Brazil,1413,73
,Doritos Dash of Destruction,1409,6
,Disney's Epic Mickey 2: The Power of Two,1407,24
,ilomilo,1405,35
,Double Dragon II,1398,15
,Dynasty Warriors 8,1393,37
,Street Trace: NYC,204,3
,Jam Live Music Arcade,204,6
,Roogoo,204,2
Closed,Michael Phelps: Push the Limit,1,0
Closed,Let's Dance,1,0
Closed,miCoach,1,0
Closed,Summer Stars 2012,1,0
Closed,Let's Sing And Dance,1,0
Closed,10 Frame Bowling,1,0
Closed,Blackwater Kinect,1,0
Closed,3 Point Contest,1,0
Closed,Freefall Racers,1,0
Closed,Twister Mania,1,0
Closed,Junk Fu,1,0
Closed,Penalty Saver,1,0
Closed,Mini Ninjas Adventures,1,0
Closed,Dance Paradise,1,0
Closed,Harley Pasternaks Hollywood Workout,1,0
Closed,Reaction Rally,1,0
Closed,Adrenalin Misfits,1,0
Closed,Just Dance Disney Party,1,0
Closed,DanceMasters,1,0
Closed,Just Dance Kids 2,1,0
Completed,Lode Runner,252,2
Completed,Just Cause 2,20631,85
Completed,Ikaruga,1993,17
Completed,Gears of War: Judgment,25997,123
Completed,Gears of War 2,45756,173
Completed,Gears of War,28618,164
Completed,Earthworm Jim HD,2081,8
Completed,Crazy Taxi,2722,24
Completed,Condemned,4245,32
Completed,Centipede & Millipede,347,2
Completed,CastleStorm,256,1
Completed,Castle Crashers,14675,83
Completed,Blood of the Werewolf,162,1
Completed,BattleBlock Theater,2556,26
Completed,Banjo Kazooie: Nuts n Bolts,2346,63
Completed,Banjo-Kazooie,2580,21
Completed,Asteroids & Deluxe,294,0
Completed,Assassin's Creed II,35247,117
Completed,Alien Hominid HD,829,4
Completed,Gears of War 3,65937,950
Completed,Prince of Persia Classic,1447,4
Completed,Wolfenstein 3D,1842,9
Completed,Toy Soldiers: Cold War,1231,10
Completed,Toy Soldiers,890,3
Completed,Torchlight,1777,11
Completed,Tom Clancy's Rainbow Six Vegas,8442,31
Completed,Super Meat Boy,1125,9
Completed,Shadow Complex,6308,65
Completed,Sega Vintage Collection: Golden Axe,1017,7
Completed,Rayman 3 HD,1059,7
Completed,Plants vs. Zombies,6980,25
Completed,Phantom Breaker: Battle Grounds,411,6
Completed,Perfect Dark Zero,1853,98
Completed,Pac-Man Championship Edition,2441,14
Completed,Pac-Man Championship Edition DX+,2226,18
Completed,N+,1027,11
Completed,Ms. Splosion Man,1530,4
Completed,Monkey Island: Special Edition,2159,9
Completed,Mirror's Edge,19121,63
Completed,Perfect Dark,2175,41
Completed,Sonic The Hedgehog Classic,3066,16
Completed,Aegis Wing,1578,13
Completed,Kameo,1322,50
Completed,Sacred 3,711,12
Completed,Halo: Spartan Assault,3886,13
Completed,Tour de France 2011,0,9
Completed,A World of Keflings,909,12
Completed,Hydro Thunder,2086,48
Completed,Defense Grid,680,10
Completed,Viva Piñata: Trouble In Paradise,1182,13
Completed,Doritos Crash Course,4766,40
Completed,Peggle,2979,19
Completed,Cars 2: The Video Game,920,50
Completed,Meet the Robinsons,288,2
Completed,Dead Rising 2: Case West,7462,22
Completed,Dead Rising 2: Case Zero,10998,23
Completed,Gyromancer,260,3
Completed,Zuma's Revenge!,793,3
Completed,Splosion Man,2426,12
Completed,Portal: Still Alive,10442,25
Completed,Doom,9502,37
Completed,Mass Effect,23209,223
Completed,Sega Vintage Collection: Alex Kidd & Co.,671,7
Completed,Moon Diver,309,0
Completed,Space Invaders: Infinity Gene,566,2
Completed,The King of Fighters 2002 Ultimate Match,2329,69
Completed,Assassin's Creed Rogue,44664,636
Completed,Borderlands 2,39436,410
Completed,CLANNAD,0,16
Completed,Viva Piñata,1472,17
Completed,Fallout 3,68146,622
Completed,Operation Flashpoint: Red River,1576,127
Completed,Motocross Madness,1091,16
Completed,The King of Fighters 98 Ultimate Match,1867,44
Completed,Kane & Lynch 2,1351,17
Completed,Supreme Commander 2,736,61
Completed,GTA IV,87959,1571
Completed,LEGO Indiana Jones: The Original Adventures,9192,87
Completed,Catherine,8132,253
Completed,Golden Axe,1409,5
Completed,Pac-Man,1805,16
Completed,The Cave,975,2
Completed,Comix Zone,790,3
Completed,Halo: Reach,94948,1956
Completed,Rayman Origins,3860,30
Completed,Outland,686,13
Completed,Castlevania: Symphony of the Night,12161,195
Completed,Tron: Evolution,802,16
Completed,Doom II,4454,15
Completed,Left 4 Dead 2,70363,1315
Completed,Halo Wars,52442,1599
Completed,Dark Souls,38126,1494
Completed,Alan Wake,34831,300
Completed,Dark Void,827,6
Completed,Ugly Americans: Apocalypsegeddon,167,2
Completed,Sega Vintage Collection: Monster World,640,7
Completed,Heavy Weapon,420,8
Completed,Feeding Frenzy 2,658,3
Completed,Jetpac Refuelled,296,10
Completed,Monkey Island 2: Special Edition,1793,7
Completed,Frogger 2,515,5
Completed,DuckTales: Remastered,5012,28
Completed,Hexic 2,1000,6
Completed,Unbound Saga,255,1
Completed,GRID 2,1811,19
Completed,LEGO Star Wars: The Complete Saga,12191,94
Completed,The Witcher 2: Assassins of Kings,37187,256
Completed,Puzzlegeddon,174,0
Completed,Faery: Legends of Avalon,342,5
Completed,R-Type Dimensions,889,8
Completed,Dig Dug,947,11
Completed,Star Wars: The Force Unleashed,30404,332
Completed,Phantasy Star II,1372,4
Completed,Runner2,232,5
Completed,Deadliest Warrior: Legends,349,9
Completed,Texas Hold'em,1181,15
Completed,Monaco: What's Yours is Mine,1008,17
Completed,Double Dragon Neon,1468,21
Completed,Altered Beast,983,11
Completed,GripShift,215,0
Completed,Monopoly Plus,703,14
Completed,Mars: War Logs,376,2
Completed,Bloodforge,426,2
Completed,Putty Squad,127,15
Completed,Crystal Quest,256,3
Completed,Sonic CD,2960,13
Completed,Sonic The Hedgehog 4 Episode II,3481,13
Completed,Sonic The Hedgehog 3,3083,11
Completed,Sonic The Hedgehog 2,3500,10
Completed,Banjo-Tooie,1231,10
Completed,Flashback,786,11
Completed,Dungeons & Dragons: Chronicles of Mystara,1562,26
Completed,Jet Set Radio,6207,133
Completed,DiRT 3,3851,58
Completed,South Park: The Stick of Truth,29392,210
Completed,Doom 3 BFG Edition,10174,250
Completed,NiGHTS: Into Dreams,1018,11
Completed,Call of Duty 2,19968,241
Completed,Fable II,22214,133
Completed,Shank 2,994,11
Completed,Fallout: New Vegas,78092,1057
Completed,I Am Alive,3051,23
Completed,Comic Jumper,844,7
Completed,Joe Danger Special Edition,465,2
Completed,Blood Knights,215,1
Completed,Fable III,35643,146
Completed,Far Cry 3: Blood Dragon,17377,76
Completed,Tekken Tag Tournament 2,6836,358
Completed,NIN2-JUMP,197,1
Completed,New Rally-X,287,2
Completed,Mr. Driller Online,325,0
Completed,LEGO Pirates of the Caribbean: The Video Game,3869,10
Completed,Dead Space,32891,307
Completed,Hardwood Hearts,200,3
Completed,Metal Slug 3,1715,7
Completed,Left 4 Dead,40903,406
Completed,Triggerheart Exelica,577,11
Completed,Boom Boom Rocket,806,21
Completed,Sonic The Hedgehog 4 Episode I,3560,13
Completed,Frogger,1024,4
Completed,Fret Nice,189,5
Completed,Forza Horizon,32548,588
Completed,Duke Nukem: Manhattan Project,1258,7
Completed,de Blob 2,503,11
Completed,Crystal Defenders,437,4
Completed,Castle of Illusion Starring Mickey Mouse,1922,38
Completed,Carcassonne,1763,55
Completed,Call of Duty 3,20051,203
Completed,Bound by Flame,455,7
Completed,Blue Dragon,11681,296
Completed,Bejeweled 3,1588,23
Completed,Bayonetta,15782,205
Completed,ARKANOID Live!,434,2
Completed,Rage,11715,182
Completed,BloodRayne: Betrayal,562,8
Completed,Shred Nebula,189,3
Completed,Killer is Dead,2182,32
Completed,Galaga Legions,841,2
Completed,Silent Hill: Downpour,6343,83
Completed,NeoGeo Battle Coliseum,818,19
Completed,Bionic Commando: Rearmed 2,914,5
Completed,Pac-Man Museum,968,21
Completed,FLOCK!,202,2
Completed,HALF-MINUTE HERO -Super Mega Neo Climax-,439,2
Completed,Interpol,191,1
Completed,Sonic & Knuckles,4299,73
Completed,Beyond Good & Evil HD,5143,30
Completed,Saints Row IV,9550,63
Completed,Joy Ride Turbo,509,20
Completed,Go! Go! Break Steady,179,9
Completed,Red Dead Redemption,148938,3217
Completed,Monday Night Combat,567,45
Completed,Deus Ex: Human Revolution,15304,131
Completed,Red Faction: Battlegrounds,691,2
Completed,Call of Juarez Gunslinger,1852,14
Completed,NBA JAM: On Fire Edition,2456,61
Completed,Borderlands,29339,165
Completed,Bellator: MMA Onslaught,142,7
Completed,Metal Slug XX,1860,6
Completed,Space Giraffe,277,11
Completed,Jurassic Park: The Game,2277,37
Completed,Puzzle Quest Galactrix,428,4
Completed,DeathSpank: Thongs of Virtue,726,4
Completed,Mad Tracks,283,6
Completed,JUJU,214,10
Completed,Stuntman: Ignition,709,14
Completed,Rocket Knight,497,3
Completed,Shadows of the Damned,2564,56
Completed,Sega Bass Fishing,675,11
Completed,Lazy Raiders,177,2
Completed,Skate 3,39419,4304
Completed,Alice: Madness Returns,10455,385
Completed,Medal of Honor: Airborne,3352,62
Completed,Mutant Storm Empire,239,0
Completed,Midway Arcade Origins,1397,52
Completed,Tekken 6,8134,148
Completed,Beat'n Groovy,200,1
Completed,Mega Man 9,3488,20
Completed,Mega Man 10,3905,26
Closed,Top Hand Rodeo Tour,1,0
Closed,I Am Super!,1,0
Closed,Field Goal Contest,1,0
Closed,My Body Coach 3,1,0
Closed,Leedmees,1,0
Closed,Puss in Boots,1,0
Closed,DECA Sports Freedom,1,0
Closed,Deepak Chopras Leela,1,0
Closed,Cabela's Hunting Party,1,0
Closed,Winter Stars,1,0
Closed,Country Dance All Stars,1,0
Closed,Fighters Uncaged,1,0
Closed,Big League Sports,1,0
Closed,Steel Battalion Heavy Armor,1,0
Closed,Wipeout 2,1,0
Closed,EA SPORTS Active 2,1,0
Closed,Ski Race,1,0
Closed,The Penguins of Madagascar,1,0
Closed,Diabolical Pitch,1,0
Closed,Let's Cheer!,1,0
Completed,Strania,310,12
Completed,The Splatters,266,3
Completed,Scrap Metal,230,1
Completed,Ghostbusters,7799,627
Completed,Dragon Age: Origins,33739,619
Completed,Battlefield: Bad Company 2,42399,946
Completed,Battlefield 3,58038,1525
Completed,A Kingdom for Keflings,809,8
Completed,Star Wars: The Force Unleashed II,31010,297
Completed,Sonic the Fighters,2059,14
Completed,Lost Odyssey,16345,648
Completed,Missile Command,257,1
Completed,Of Orcs and Men,0,1
Completed,Ghostbusters: Sanctum of Slime,1114,11
Completed,Final Fight: Double Impact,1295,27
Completed,Zuma,906,24
Completed,Hexic HD,1448,29
Completed,Rayman Legends,2448,33
Completed,Pure,2281,79
Completed,Omega Five,438,11
Closed,SpongeBob's Surf & Skate Roadtrip,1,4
Closed,Dance Central 2,1,5
Closed,Kinect Star Wars,1,25
Closed,Nike+ Kinect Training,1,23
Closed,Zumba Fitness World Party,1,3
Closed,Kinect Me,1,0
Closed,Zumba Fitness Core,1,7
Closed,Wreckateer,1,1
Closed,Just Dance 4,1,6
Closed,Kinect Joy Ride,1,7
Closed,NBA Baller Beats,1,4
Closed,Boxing Fight,1,1
Closed,Just Dance 2015,1,9
Closed,Wipeout: In The Zone,1,1
Closed,Rise of Nightmares,1,2
Closed,Dance Central,1,8
Closed,Adventure Camp,1,2
Closed,Dance Dance Revolution Universe,1,6
Closed,Dragon Ball Z for Kinect,1,4
Closed,Grease Dance,1,1
Closed,Marvel Avengers: Battle for Earth,1,1
Closed,Double Fine Happy Action Theater,1,3
Closed,Jillian Michael's Fitness Adventure,1,1
Closed,Nickelodeon Dance,1,3
Closed,Kinect Fun Labs,1,2
Closed,Zumba Fitness: Rush,1,1
Closed,Kinect Googly Eyes,1,1
Closed,Rabbids Invasion: The Interactive TV Show,1,2
Closed,Raving Rabbids: Alive & Kicking,1,2
Closed,Dance Dance Revolution Universe 2,1,3
Closed,Dance Dance Revolution Universe 3,1,2
Closed,Just Dance Kids 2014,1,2
Closed,Kinect Sparkler,1,1
Closed,AC/DC LIVE: Rock Band,1,1
Closed,Minute To Win It,1,1
Closed,Hulk Hogan's Main Event,1,1
Closed,BandFuse: Rock Legends,1,0
Closed,Karaoke,1,0
Closed,Karaoke Revolution Glee: Volume 3,1,0
Closed,Karaoke Revolution: American Idol Encore,1,0
,Kung Fu Strike,207,6
,RoboBlitz,207,5
,Coffeetime Crosswords,207,8
,Dreamkiller,207,6
,Polar Panic,207,2
,Space Chimps,226,3
,Madballs Babo: Invasion,207,4
,Mad Riders,207,2
,Blazing Birds,206,0
,SBK 09,206,0
,SBK 08,206,2
,The Voice,225,5
,CellFactor: Psychokinetic Wars,225,4
,Attack Of The Movies 3D,224,1
,UEFA Champions League 2006-2007,223,2
,Winter Sports 2010,223,1
,Where the Wild Things Are,223,0
,Superstars V8 Next Challenge,206,2
,Turbo: Super Stunt Squad,206,1
,The Strike,206,7
,Elements Of Destruction,206,1
,STX,206,7
,Eets: Chowdown,206,0
,Zombie Wranglers,223,0
,Pictionary: Ultimate Edition,223,1
,National Geographic Challenge!,222,0
,MegaMind: Ultimate Showdown,222,1
,Little League World Series 2010,221,4
,SkyDrift,221,1
,CrazyMouse,206,2
,Wits & Wagers,206,2
,Storm,206,0
,Rotastic,206,5
,NPPL Championship Paintball 2009,221,3
,Alien Spidy,221,0
,Marlow Briggs,220,1
,Crazy Machines Elements,219,0
,Don King Presents Prizefighter,219,6
,SBK SuperBike World Championship,218,0
,Ancients of Ooga,218,3
Completed,Bomberman Battlefest,808,26
Completed,Joe Danger 2: The Movie,455,1
Completed,Tour de France 2009,190,4
Completed,The Orange Box,41524,603
Completed,Military Madness,231,7
Completed,Might & Magic Clash of Heroes,861,34
Completed,Puzzle Quest,1266,15
Completed,Eat Lead,478,6
Completed,Dragon's Lair,1050,8
Completed,Escape Dead Island,1429,8
Completed,Dead Space Ignition,2408,7
Completed,Battlestations: Midway,1382,36
Completed,Puzzle Quest 2,866,7
Completed,Sonic & All-Stars Racing Transformed,5527,191
Completed,Guwange,546,5
Completed,Toy Story 3,1449,65
Completed,Burnout Paradise,21579,298
Completed,Joust,4,11
Completed,Bully Scholarship Ed.,24304,448
Completed,Skydive,202,2
Completed,Sega Vintage Collection: Streets of Rage,1365,16
Completed,E4,285,11
Completed,FunTown Mahjong,196,1
Completed,Encleverment Experiment,185,5
Completed,Planets Under Attack,194,2
Completed,Raskulls,459,18
Completed,BioShock Infinite,68536,478
Completed,BioShock 2,31801,159
Completed,BioShock,43823,303
Completed,Shotest Shogi,193,3
Completed,Call of Duty: World at War,97492,1322
Completed,Trials HD,6827,34
Completed,Soulcalibur,2559,16
Completed,MX vs. ATV Reflex,1750,120
Completed,Space Ark,195,1
Completed,Shadowrun,3203,402
Completed,Haunted House,317,0
Completed,Injustice: Gods Among Us,28531,806
Completed,Oblivion,53379,989
Completed,Astropop,352,1
,Merv Griffin's Crosswords,205,2
,Defenders of Ardania,205,2
,Obut Pétanque 2,205,4
,Pure Futbol,205,5
,Death By Cube,205,1
,Field & Stream,205,1
,BCFx-Doug Williams Edition,205,4
,Droplitz,205,1
,PowerUp Forever,205,3
,American Mensa Academy,205,3
,Clan of Champions,205,6
,Geon,205,3
,Gel,205,4
,TiQal,205,9
,Vessel,205,6
,Rekoil: Liberator,205,4
,Screwjumper!,205,6
,BlowOut,205,2
,Dance! It's your Stage,204,4
,Handball Challenge 14,204,7
,War World,243,2
,Buku Sudoku,242,0
,R.B.I. Baseball 14,240,30
,Ashes Cricket 2013,238,8
,Commanders: Attack,237,5
Completed,Ms.Pac-Man,1086,7
,JASF,234,4
,Final Exam,234,5
,DreamWorks Kartz,234,2
Completed,Discs Of Tron,249,3
Completed,Braid,2819,17
Completed,Sacred Citadel,229,3
,Texas Cheat'em,234,0
,Bang Bang Racing,233,0
,The UnderGarden,232,2
,Guncraft,231,4
,MUD,229,5
Completed,Assassin's Creed,33572,241
Completed,Geometry Wars: Retro Evolved,1725,32
Completed,Pinball FX,663,2
Completed,DiRT Showdown,949,11
Completed,Iron Brigade,1603,44
,Tornado Outbreak,228,3
,MorphX,228,3
,Avatar FameStar,227,2
,Rocketmen: Axis of Evil,227,0
Completed,Mutant Blobs Attack,132,4
Completed,Hardwood Backgammon,208,5
Completed,Counter-Strike: GO,7006,260
Completed,Galaga,1430,13
,Rocket Riot,227,2
,Generator Rex,227,1
,TNT Racers,227,4
Completed,Alan Wake's American Nightmare,12571,34
Completed,Age of Booty,576,17
Completed,Hardwood Spades,303,16
Completed,Small Arms,547,52
Completed,Bejeweled 2,1179,2
Completed,Sam & Max: Save the World,558,3
Completed,Feeding Frenzy,763,5
Closed,Karaoke Revolution: American Idol Encore 2,1,0
Closed,Tony Hawk: RIDE,1,0
Closed,Rock Revolution,1,0
Closed,Disney Sing It,1,0
Closed,Disney Sing It High School Musical 3,1,0
,PES 2014,311,3
Closed,uDraw Studio: Instant Artist,1,0
Closed,DanceDanceRevolution,1,0
Closed,Red Bull Crashed Ice Kinect,1,0
Closed,Haunt,1,0
Closed,Air Band,1,0
,Night at the Museum 2,309,4
,Mercury Hg,307,8
,Open Season,304,2
,The Smurfs 2,303,3
Closed,Bobble Head,1,0
Closed,Body and Brain Connection,1,0
Closed,Game Party In Motion,1,0
Closed,Victorious: Time to Shine,1,0
,Zeno Clash 2,303,3
,NHL 2K8,302,3
,Carrier Command: Gaea Mission,301,18
,MIB: Alien Crisis,301,5
Closed,Motion Explosion,1,0
Closed,Motionsports,1,0
Closed,Battle Stuff,1,0
Closed,Ping Pong,1,0
,Legend of the Guardians,300,2
,Battlezone,300,5
,Spyglass Board Games,299,0
,Warp,298,6
,Bloody Good Time,298,6
,Axel & Pixel,297,5
Closed,MotionSports: Adrenaline,1,0
Closed,Kinect Nat Geo TV,1,0
,MotoGP 08,296,3
,Monster Jam Battlegrounds,294,5
,NHL 2K7,293,0
,Backyard Football '10,292,1
,Anna - Extended Edition,292,2
Completed,Trine 2,762,7
Completed,Operation Flashpoint: Dragon Rising,947,53
Completed,Syberia,586,4
Completed,Domino Master,319,53
Completed,Spelunky,1214,47
Completed,Capcom Arcade Cabinet,1410,13
Completed,LUMINES LIVE!,634,12
Completed,Sam & Max: Beyond Time and Space,601,4
Completed,Word Puzzle,209,2
Completed,Virtua Fighter 5 Final Showdown,3359,128
Completed,The Maw,1257,11
Completed,Scarygirl,208,3
Completed,QIX++,245,4
Completed,Mass Effect 2,76022,960
Completed,Mass Effect 3,88119,1352
Completed,LIMBO,4540,23
Completed,Guardian Heroes,1774,94
Completed,Gatling Gears,407,2
Completed,Garou: Mark of the Wolves,1101,41
Completed,Galaga Legions DX,908,1
,Rango,291,6
,Wrecked Revenge Revisited,290,36
,PES 2012,289,5
,Rugby World Cup 2011,288,10
,NHL 2K6,288,0
,History: Legends of War,288,4
,Boogie Bunnies,288,11
,RushN Attack: Ex-Patriot,286,2
,Great Battles Medieval,286,7
,PES 2010,285,4
,ASSAULT?HORIZON,285,2
,Mutant Storm Reloaded,284,2
,College Hoops 2K6,284,1
,Fusion: Genesis,284,12
,PES 2011,284,2
,Happy Feet Two: The Videogame,282,4
,Spiderwick Chronicles,282,5
,NHL 2K9,281,2
,Baja 1000,277,2
,Heroes Over Europe,277,7
,nail'd,255,2
,ScreamRide,255,3
,MySims SkyHeroes,254,1
,Scramble,254,4
,Meteos Wars,253,4
,Dustforce,252,3
,Death Tank,252,12
,Hannah Montana The Movie,251,9
,Vancouver 2010,251,2
,Band of Bugs,251,1
,Star Raiders,250,1
,Swarm,249,2
,Minesweeper Flags,249,4
,Rainbow Islands: Towering Adventures,249,2
,0D Beat Drop,249,3
,Tower Bloxx Deluxe,248,2
,Toybox Turbos,247,11
,Gin Rummy,246,1
,Puzzle Chronicles,245,1
,Double D Dodgeball,244,1
,MotoGP 07,322,11
,Backbreaker Vengeance,320,6
,The War of the Worlds,320,3
,Are You Smarter Than a 5th Grader: Game Time,320,2
,The Expendables 2 Videogame,320,2
,Monster Madness,320,15
,Big Game Hunter,318,1
,Chime,318,9
,Cloudy with a Chance of Meatballs,317,1
,Planet 51,317,2
,The Price Is Right Decades,315,3
,NFL Head Coach 09,315,20
,Darwinia+,315,9
,Sanctum 2,314,14
,The Golden Compass,314,0
,Are You Smarter Than a 5th Grader: Make The Grade,313,1
,Ben 10 Galactic Racing,313,2
,Rio,312,12
,Phineas and Ferb: Quest for Cool Stuff,312,0
,College Hoops 2K7,311,7
,Cabela's Hunting Expeditions,361,0
,Puzzle Arcade,359,2
,Rise of the Guardians,358,4
,Giana Sisters: Twisted Dreams,357,3
,Black Knight Sword,356,1
,Islands of Wakfu,355,13
,Turning Point,353,5
,NBA LIVE 06,352,1
,Contrast,352,1
,Madagascar 3: The Video Game,352,1
,Monster Jam Path of Destruction,352,22
,Falling Skies,349,2
,Girl Fight,348,7
,Panzer General,347,3
,Knights Contract,347,6
,Trivial Pursuit Live!,346,6
,Golf: Tee It Up!,346,10
,NFL Tour,346,9
,Dungeon Fighter LIVE: Fall Of Hendon Myre,345,5
,Alien Rage,345,1
,PES 2009,273,3
,Rock of the Dead,273,5
,Adventures of Shuggy,271,3
,Super Time Force,270,2
,The Bridge,269,2
Closed,Black Eyed Peas Experience,1,7
Closed,Kinect Sports: Season Two,1,28
,Time Pilot,386,6
,NHL 08,333,0
,Secret Service,269,2
,Switchball,268,3
,Rugby Challenge 2 - The Lions Tour Edition,268,9
,Hybrid,267,8
,Damage Inc. - Pacific Squadron WWII,266,6
Closed,Rock Band,1,17
Closed,PowerUp Heroes,1,1
Closed,Teenage Mutant Ninja Turtles: Training Lair,1,1
Closed,Just Dance 2014,1,3
Closed,Just Dance 3,1,4
Closed,Just Dance Greatest Hits,1,4
Closed,The Beatles: Rock Band,1,39
Closed,Kinect Adventures!,1,85
Closed,Your Shape Fitness Evolved 2012,1,13
Closed,Disney Infinity,1,55
,BAJA: Edge of Control,385,36
,Yar's Revenge,385,3
,NBA LIVE 09,385,3
,Air Conflicts: Secret Wars,385,1
,NHL 07,333,0
,Greg Hastings Paintball 2,332,23
,NHL 2K10,332,8
,Blood Drive,265,1
,Jonah Lomu Rugby Challenge,265,13
,PES 2008,263,5
,Naval Assault,263,4
Closed,Green Day: Rock Band,1,4
Closed,Rock Band 2,1,10
Closed,UFC Personal Trainer,1,5
Closed,Kinect Sports,1,114
Closed,The Gunstringer,1,1
Closed,Kinect Party,1,19
,Hot Wheels: World's Best Driver,384,12
,Bee Movie Game,381,12
,Zeno Clash Ultimate Edition,381,2
,A.R.E.S.,331,3
,The Fancy Pants Adventures,331,7
,Darkest Of Days,331,7
,Hour of Victory,263,0
,Quarrel,262,7
,Karateka,262,3
,Warlords,259,2
Closed,Hip-Hop Dance Experience,1,6
Closed,Wipeout 3,1,1
Closed,"Carnival Games: Monkey See, Monkey Do",1,2
Closed,Marvel Super Hero Squad: Comic Combat,1,4
Closed,Kinect Rush: A Disney PIXAR Adventure,1,30
Closed,Lips: Number One Hits,1,22
Closed,Disney Infinity 2.0,1,17
Closed,Rock Band 3,1,34
,Tiger Woods PGA Tour 06,379,0
,Smash Court Tennis 3,377,16
,Wipeout: Create & Crash,376,8
,Deadfall Adventures,376,4
,Mindjack,330,3
,NBA LIVE 07,330,0
,Beijing 2008,330,6
,Deadliest Catch: Alaskan Storm,330,16
,EXIT2,258,0
,Duck Dynasty,257,5
Closed,Self-Defense Training Camp,1,0
,Hunter's Trophy 2: America,218,0
Closed,Kinect Sesame Street TV,1,5
Closed,Karaoke Revolution,1,1
Closed,Fruit Ninja Kinect,1,3
Closed,Sesame Street: Once Upon a Monster,1,5
Closed,Doodle Jump for Kinect,1,2
Closed,Rocksmith,1,35
Closed,Disneyland Adventures,2,32
Closed,Rocksmith 2014 Edition,1,82
Closed,Fable: The Journey,2,11
Closed,Your Shape : Fitness Evolved,1,14
,Surf's Up,375,14
,Ben 10 Omniverse 2,375,1
,God Mode,372,6
,Yie Ar Kung-Fu,329,9
,MotoGP 06,329,8
,Might & Magic: Duel of Champions - Forgotten Wars,328,0
Closed,Darts Vs Zombies,1,0
Closed,Zumba Fitness,1,0
Closed,Fantasia: Music Evolved,1,0
,High School Musical 3: Senior Year Dance,218,12
,World Gone Sour,217,0
,Narco Terror,217,3
Closed,Brunswick Pro Bowling,1,3
Closed,Dance Central 3,1,24
Closed,Harry Potter for Kinect,1,15
Closed,Kinectimals,1,15
,Brave: The Video Game,372,4
,Dead Block,369,9
,Tempest,367,4
,Dogfight 1942,327,4
,0 Day Attack on Earth,327,1
,Wing Commander Arena,325,2
,Super Hero Squad: The Infinity Gauntlet,323,0
Closed,Kinect Rush: Snapshot,1,0
Closed,Home Run Stars,1,0
Closed,The Biggest Loser: Ultimate Workout,1,0
Closed,Fantastic Pets,1,0
,Way of the Dogg,217,4
,Hunter's Trophy 2: Europa,217,1
,Tour de France 2013,216,6
,Kengo Legend of the 9,216,3
,Arkadian Warriors,366,2
,Monsters vs. Aliens,364,2
,Inversion,322,3
,Shaun White Skateboarding,322,3
,Create,211,1
Closed,Zumba Kids,1,0
Closed,Kinect Sports Gems,1,0
Closed,Alvin and The Chipmunks: Chipwrecked,1,0
Closed,Musical Feet,1,0
,Ski-Doo Challenge,215,3
,Battle Academy,215,2
,Schizoid,215,4
,RocketBowl,211,7
,Hunter's Trophy 2: Australia,211,0
,Takedown: Red Sabre,209,8
,LocoCycle,209,3
Closed,Power Rangers Super Samurai,1,0
Closed,Build A Buddy,1,0
Closed,Nickelodeon Dance 2,1,0
Closed,Mutation Station,1,0
,UEFA EURO 2008,214,0
,Supremacy MMA,214,0
,Capsized,214,3
,Jet Car Stunts,209,2
,Outdoor Adventures,209,4
Closed,Mars Rover Landing,1,0
Closed,Kung Fu Panda 2,1,0
,Stormrise,214,1
,Greed Corp,214,2
,Scourge: Outbreak,213,0
,Zeit²,209,1
,Truck Racer,208,1
,Jimmie Johnson's Anything With An Engine,208,4
Closed,Kung-Fu,1,0
Closed,Prize Driver,1,0
,Orc Attack,212,0
,Sealife Safari,212,2
,SBK X,211,3
,The Path of Go,208,10
,Pid,208,3
,Red Johnson's Chronicles,208,2
,Lucidity,208,2
,Dollar Dash,208,10
,Xotic,207,4
,Sandlot Sluggers,207,2
,Winning Eleven 2007,207,6
,Inferno Pool,207,4
,Puddle,207,2
,Cabela's African Safari,406,8
,Cabela's African Adventure,405,0
,Poker Smash,405,4
,Cabela's Dangerous Hunts 2009,401,0
,Cloudberry Kingdom,401,11
,Top Gun: Hard Lock,400,9
,Cars: Mater-National,398,6
,Ben 10: Vilgax Attacks,398,5
,Shrek Forever After,397,4
,Toy Story Mania!,396,2
,Omerta: City of Gangsters,395,10
,NHL 09,394,2
,The Chronicles of Narnia: Prince Caspian,393,5
,The Adventures of Tintin,393,7
,Bakugan,393,20
,EA SPORTS MMA,392,15
,End of Eternity,391,5
,Cabela's North American Adventure,390,1
,Outpost Kaloki X,389,5
,Ice Age 3,389,0
Completed,Portal 2,44523,331
Completed,Babel Rising,190,1
Completed,Brain Challenge,306,1
Completed,Dungeon Siege III,974,7
,MXGP,425,37
Completed,XCOM: Enemy Within,9477,279
Completed,Foul Play,179,3
Completed,Soulcalibur II HD,3920,50
,Skulls of the Shogun,424,10
,Sega Soccer Slam,423,12
,Cartoon Network Punch Time Explosion: XL,422,6
Completed,Anomaly Warzone Earth,210,0
Completed,Aqua,274,0
Completed,Tom Clancy's Rainbow Six Vegas 2,10592,93
,FaceBreaker,345,8
,The BIGS,461,12
,Shellshock 2,421,2
,Port Royale 3,421,23
,NHL 10,420,4
,Monopoly Deal,417,1
Completed,Gunstar Heroes,938,10
Completed,Samurai Shodown II,911,14
Completed,Ticket to Ride,390,13
Completed,Skullgirls,1460,42
,Aces of the Galaxy,344,3
,Soltrio Solitaire,344,5
,PES 2015,344,4
,Shooting Love 200X,342,3
,Guacamelee! Super Turbo Championship Edition,341,3
,Ratatouille,460,9
,G.I. Joe,460,2
,Snipers,459,3
,Cabela's Big Game Hunter 2012,459,2
,Rock of Ages,458,9
,The Misadventures of P.B. Winterbottom,415,4
,How to Survive,415,4
,Pinball Hall of Fame,415,4
,Pool Nation,414,3
,Cabela's Alaskan Adventures,411,3
Completed,XCOM: Enemy Unknown,7671,101
Completed,Jeremy McGrath's Offroad,170,4
Completed,LEGO Batman,8790,35
Completed,Call of Duty: Black Ops,112318,3740
Completed,SSX,11422,236
,MotoGP14,341,5
,Bakugan: Defenders of the Core,341,9
,EXIT,338,0
,R.I.P.D.: The Game,338,0
,Matt Hazard: Blood Bath and Beyond,338,3
,NBA 2K6,441,4
,Rush'n Attack,481,4
,Vandal Hearts: Flames of Judgment,513,8
,Air Conflicts: Vietnam,458,2
,Chessmaster Live,457,11
,NBA 2K9,455,5
,Family Feud,454,7
,Madagascar 2,411,3
,NCIS Game,411,6
,Xevious,409,3
,Awesomenauts,409,11
Completed,Magic 2012,817,3
,Fatal Inertia,338,11
,Lucha Libre AAA,338,9
,Damnation,337,1
,Gyruss,336,3
,Def Jam Rapstar,440,7
,Clash of the Titans,439,4
,Backbreaker,437,32
,Enemy Front,435,10
,Who Wants To Be A Millionaire?,481,7
,DARK,481,5
,Tiger Woods PGA Tour 11,479,3
,Happy Tree Friends,478,4
,Prison Break,510,7
,Wolf of the Battlefield: Commando 3,509,2
,Cabela's Big Game Hunter Pro Hunts,508,23
,Costume Quest 2,504,1
,Battle Fantasia,452,4
,NHL 11,447,2
,Fire Pro Wrestling,446,9
,Rogue Warrior,446,11
,Ben 10 Omniverse,407,9
,Conflict: Denied Ops,407,3
,Bodycount,407,5
,Cabela's Survival: Shadows of Katmai,334,0
,G-Force,334,3
,Cabela's Trophy Bucks,333,0
,Ice Age: Continental Drift - Arctic Games,333,0
,Quantum Theory,435,3
,The First Templar,435,5
,Blood Bowl,432,3
,Civil War: Secret Missions,432,7
,Deadliest Warrior: Ancient Combat,478,4
,Blackgate Deluxe Ed.,477,13
,Blade Kitten,476,5
,Cabela's Big Game Hunter 2010,476,3
,Cloning Clyde,502,7
,AirMech Arena,500,9
,Tiger Woods PGA Tour 09,499,2
,Testament of Sherlock Holmes,498,8
,NHL12,497,4
,NBA 2K7,445,4
,RAW,444,2
,Blacklight: Tango Down,444,6
,Cabela's Dangerous Hunts 2011,443,0
,Zoids Assault,443,17
,Apples to Apples,333,4
,Disney's Bolt,431,6
,Ride to Hell: Retribution,431,32
,The Cursed Crusade,430,6
,Disney·Pixar UP,428,7
,Bankshot Billiards 2,476,7
,The Warriors: Street Brawl,475,32
,America's Army: True Soldiers,475,6
,How to Train Your Dragon,475,7
,Ben 10 Ultimate Alien,474,6
,Soldier of Fortune: Payback,494,11
,Shrek the Third,490,17
,Cabela's Dangerous Hunts 2013,489,6
,Luxor 2,489,5
,NBA LIVE 10,488,7
,Tiger Woods PGA Tour 08,443,5
,Choplifter HD,428,6
,Cars: Race-O-Rama,427,2
,Puzzle Bobble Live!,427,4
,Front Mission Evolved,473,6
,NASCAR Unleashed,470,2
,Sensible World of Soccer,469,41
,Bionicle Heroes,487,23
,Penny Arcade Episode 2,485,5
,Wik: Fable of Souls,484,0
,NBA Ballers: Chosen One,482,5
,PES 2013,426,21
,Tiger Woods PGA Tour 07,426,4
,Race Pro,425,14
,NBA 2K8,425,2
,How to Train Your Dragon 2,465,8
,Zombie Driver HD,465,4
,Universe at War,462,15
,Jewel Quest,481,4
,Assault Heroes 2,584,5
,Stacking,583,10
,Sherlock Holmes: Crimes & Punishments,578,3
,RayStorm HD,572,4
,Vampire Rain,572,7
,WARRIORS OROCHI,571,4
,Battleship,570,4
,DarkStar One,568,23
,CSI: Fatal Conspiracy,567,4
,Quantum Conundrum,567,6
,Young Justice,564,10
,Jeopardy!,560,13
,Fast & Furious: Showdown,559,4
,Beowulf,556,4
,NASCAR 08,555,2
,WARRIORS OROCHI 2,555,3
,Tiger Woods PGA Tour 10,555,2
,The Raven Episode 1,553,1
,Madden NFL 06,547,5
,Penny Arcade Episode 1,542,2
,Dynasty Warriors: Gundam 2,1607,20
,Armored Core for Answer,1607,62
,Chromehounds,1565,223
,Virtua Fighter 2,1563,18
,BLADESTORM,542,3
,Shoot Many Robots,1816,50
,WWE 2K15,1558,23
,Dynasty Warriors: Gundam,1546,15
,Skylanders Giants,1544,35
,SmackDown vs. RAW 2009,1534,15
,SpongeBob Sparepants: Underpants Slam!,541,8
,Lost Via Domus,540,12
,FIFA 06 Road to FIFA World Cup,540,1
,Renegade Ops,538,9
,Track and Field,537,18
,FIFA 14,1803,20
,Spartacus Legends,1803,52
,Persona 4 Arena,1799,16
,Serious Sam HD: The First Encounter,1795,11
,WARRIORS OROCHI 3,616,4
,Deathsmiles,1528,44
,WWE Legends,1525,4
,Sonic Free Riders,1521,32
,The Incredible Hulk,1501,29
,Voltron,535,7
,Tecmo Bowl Throwback,533,10
,Blades of Time,530,5
,Arcana Heart 3,528,7
,Harry Potter and the Deathly Hallows - Part 2,1791,23
,Outrun Online Arcade,1786,70
,Dead or Alive 5 Last Round,1784,12
,Harry Potter and the Deathly Hallows - Part 1,1769,19
,NASCAR '15,1764,187
,TNA iMPACT!,614,23
,NeverDead,611,10
,Pac-Man: Ghostly Adventures 2,608,12
,NHL13,608,4
,Warhammer: BattleMarch,602,13
,Radiant Silvergun,1496,51
,SmackDown vs. RAW 2010,1494,9
,Captain America: Super Soldier,1493,41
,Anarchy Reigns,1486,54
,Armored Core: Verdict Day,1481,44
,Looney Tunes: Acme Arsenal,527,10
,Battle: Los Angeles,527,4
,SpongeBob Squarepants: Plankton's Robotic Revenge,525,7
,Shadow Assault: Tenchu,521,15
,Phantom Breaker,521,10
,Fuzion Frenzy,1755,93
,GRID Autosport,1746,42
,Bionic Commando: Rearmed,1745,7
,Divinity II: The Dragon Knight Saga,1744,35
,Transformers: Dark of the Moon,1742,20
,Trivial Pursuit,597,9
,Max: The Curse of Brotherhood,594,5
,Abyss Odyssey,592,3
,The Legend of Korra,591,8
,Fighting Vipers,590,11
,NBA 2K13,1474,60
,Yu-Gi-Oh! 5D's Decade Duels Plus,1474,21
,FIFA 12,1470,29
,Under Defeat HD: Deluxe Edition,520,14
,Eragon,518,6
,Frogger: Hyper Arcade Edition,515,0
,SpongeBob HeroPants,515,15
,HELL YEAH! Wrath of the Dead Rabbit,514,6
,Armored Core 4,1742,14
,Madden NFL 07,590,3
,Operation Darkness,589,24
,Rise of the Argonauts,589,12
,R.U.S.E.,1735,290
,Tropico 5,1733,66
,Rockstar Table Tennis,1732,87
,NCAA Football 12,1723,11
,UFC 2009 Undisputed,588,5
,Family Game Night 4: The Game Show,588,4
,CSI: Hard Evidence,587,3
,Space Channel 5 Part 2,587,13
,CSI: Deadly Intent,586,3
,Wheelman,585,10
,Sniper Ghost Warrior 2,1949,25
,The Dishwasher: Dead Samurai,1948,15
,King Kong,1947,73
,Ninety-Nine Nights II,1939,22
,Yu-Gi-Oh! Millennium Duels,1916,55
,WWE '12,1914,17
,Deep Black - Ep. 1,206,0
,Harry Potter and the Order of the Phoenix,1910,33
,Harry Potter and the Half-Blood Prince,1901,26
,Dark Sector,1889,38
,Ninja Blade,1887,35
,Serious Sam 3: BFE,1877,23
,Novadrome,206,1
,Constant C,206,3
,Masquerade,206,2
,Magrunner: Dark Pulse,206,0
,Spare Parts,206,1
,Armored Core V,1867,19
,SmackDown vs. RAW 2007,1858,80
,Sega Rally,1857,48
,The Amazing Spider-Man 2,1850,21
,Binary Domain,1839,35
,Serious Sam HD: The Second Encounter,1834,11
,Voodoo Dice,206,1
,Hexodius,206,2
,Check vs Mate,206,6
,Heavy Fire: Shattered Spear,206,3
,Yosumin! LIVE,206,3
,Enchanted Arms,1823,66
,Two Worlds,1816,30
,Super Contra,1816,12
,Yo-Ho Kablammo,206,9
,Thunder Wolves,205,2
,Bliss Island,205,3
,Things on Wheels,205,3
,MicroBot,205,2
,Sledge Hammer,205,4
,Hail to the Chimp,205,4
,Fireburst,205,6
,Defense Technica,205,1
,Darkstalkers Resurrection,2139,61
,Rumble Roses XX,2130,252
,Trials Fusion,2111,15
,Two Worlds II,2109,37
,Quake 2,2108,23
,Star Trek Legacy,2107,111
,Child of Eden,2092,46
,Burnout Crash!,2091,24
,Tales from the Borderlands,2085,10
,Call of Juarez,2080,13
,FIFA 13,2073,39
,Serious Sam,2072,38
,Middle-Earth: Shadow of Mordor,2062,47
,Earth Defense Force 2017,2057,39
,Brink,2032,49
,NBA JAM,2025,27
,The Evil Within,2021,31
,Rock Band Blitz,2012,50
,Wolfenstein: The New Order,1995,14
,Naughty Bear,1716,40
,Worms,1972,6
,3 on 3 NHL Arcade,1711,86
,Sacred 2: Fallen Angel,1704,74
,Command & Conquer Read Alert 3: Commander's Challenge,1704,13
,South Park: Let's Go Tower Defense Play!,1701,14
,Star Trek,1698,23
,Viking,1697,38
,Stranglehold,1686,29
,The King of Fighters XII,1686,17
,FIFA Street 3,1674,19
,Warface,1662,60
,Family Guy: BTTM,1658,46
,Skylanders Spyro's Adventure,1650,37
,Monopoly,1633,5
,Tropico 4,1632,27
,The Dishwasher: Vampire Smile,1631,23
,Call Of Juarez : The Cartel,1626,6
,Bionic Commando,1623,16
,Dungeons & Dragons Daggerdale,1619,3
,Magic 2013,1615,26
,Driver San Francisco,3594,112
,Beautiful Katamari,3554,204
,Star Wars: The Clone Wars - Republic Heroes,3550,32
,Lord of the Rings: Conquest,3544,114
,Command and Conquer 3,3542,180
,Dungeon Defenders,3542,199
,Red Faction: Armageddon,3524,13
,Forza Horizon 2 Presents Fast & Furious,3504,25
,WWE 2K14,3499,117
,Phantasy Star Universe,3455,201
,PAYDAY 2,3400,43
,Geometry Wars Evolved²,3388,133
,Deadlight,3348,20
,Test Drive Unlimited,3343,102
,Rise of the Tomb Raider,3325,169
,Dragon Ball: Raging Blast,3321,62
,Need for Speed Rivals,3262,29
,GRID,3259,95
,Fight Night Round 4,3238,129
,The Amazing Spider-Man,3237,47
,Tom Clancy's H.A.W.X,2648,37
,Resonance of Fate,2633,58
,The Wolf Among Us,2613,12
,Spider-Man 3,2607,58
,Destroy All Humans! Path of the Furon,2606,80
,Legend of Spyro,2596,92
,NCAA Football 13,2591,45
,Metal Gear Solid V: Ground Zeroes,2528,19
,Alpha Protocol,2521,34
,Lost Planet Colonies,2508,31
,Virtua Fighter 5,2508,31
,Singularity,2504,54
,FIFA 15,2498,102
,Battlestations Pacific,2484,262
,Worms 2: Armageddon,2477,54
,Aliens: Colonial Marines,4550,180
,Teenage Mutant Ninja Turtles: Out of the Shadows,2453,68
,Earth Defense Force 2025,2449,102
,Sniper Elite 3,2444,20
,Need for Speed: ProStreet,4502,80
,Prey,4455,68
,LEGO Jurassic World,4433,44
,Too Human,4354,132
,Capcom Digital Collection,2418,30
,NCAA football 14,2410,158
,Watch Dogs,4337,92
,Far Cry Classic,4337,16
,Plants vs Zombies: Garden Warfare,4337,190
,Naruto: Rise Of A Ninja,4325,147
,The Last Remnant,4282,99
,Infinite Undiscovery,4224,122
,The King of Fighters XIII,4189,174
,The Godfather,4187,102
,Battlefield 2: Modern Combat,4166,67
,Street Fighter II Hyper Fighting,4119,48
,Resident Evil Revelations 2,4092,32
,Mercenaries 2,4053,136
,Need for Speed SHIFT,4027,34
,DiRT 2,3986,75
,Bastion,3953,20
,Dead or Alive 5,3235,11
,Overlord,3223,42
,Dragon Ball Z: BURST LIMIT,3208,56
,Contra,3169,28
,Streets of Rage 2,3166,15
,007 Legends,3155,41
,Bomberman LIVE,3119,161
,Command & Conquer 3: Kane's Wrath,3075,199
,Far Cry Instincts: Predator,3073,83
,Overlord II,3040,30
,WET,2981,53
,Mark of the Ninja,2975,85
,Fable Heroes,2954,10
,TMNT,2947,54
,Zone of the Elders HD,2934,98
,Full House Poker,2928,258
,LEGO Rock Band,2905,20
,Dragon Ball Z: Battle of Z,2904,55
,DiRT,2898,22
,The Walking Dead: Survival Instinct,2870,53
,Far Cry 4,5244,66
,EA SPORTS FIFA Street,5227,385
,Prince of Persia The Forgotten Sands,4974,68
,Lost Planet 3,4952,14
,Castlevania: Lords of Shadow - Mirror of Fate HD,4935,33
,Naruto: The Broken Bond,3931,90
,Condemned 2: Bloodshot,4930,100
,Tony Hawk's Pro Skater HD,4930,50
,Remember Me,4800,67
,Metro 2033,4778,27
,The LEGO Movie Videogame,3927,30
,Dragon Ball Z Ultimate Tenkaichi,3917,79
,Naruto Shippuden: Ultimate Ninja Storm Generations,4711,41
,Split/Second,4708,190
,Just Cause,4707,16
,"Warhammer 40,000: Space Marine",3889,199
,Charlie Murder,3853,86
,Command & Conquer Red Alert 3,3805,150
,Naruto: Ninja Storm 2,4695,65
,Chronicles of Riddick: Assault on Dark Athena,4692,65
,Project Gotham Racing 3,4678,69
,Fez,3801,66
,State of Decay,3799,54
,007: Quantum of Solace,3796,56
,Test Drive Unlimited 2,4677,301
,Marvel vs. Capcom 3: Fate of Two Worlds,4629,54
,Teenage Mutant Ninja Turtles,4609,74
,Ninja Gaiden 3,3789,24
,Mortal Kombat X,3778,37
,Dead or Alive Xtreme 2,3749,112
,Metro: Last Light,4598,17
,NIER,4588,131
,The Saboteur,3739,152
,Uno,3727,125
,Sonic & Sega Racing,3696,86
,NCAA Basketball 10,2854,99
,Quake 4,3689,80
,Ace Combat: Assault Horizon,3655,76
,The Godfather II,3647,54
,Gun,2844,64
,Deadly Premonition,2828,65
,Tony Hawk's American Wasteland,2823,74
,Duke Nukem 3D,3630,60
,DmC,3623,13
,The Walking Dead: Season One,8033,56
,Alien: Isolation,2366,40
,MX vs. ATV Alive,2820,154
,Rez HD,2814,90
,Tenchu Z,2794,231
,Ninety-Nine Nights,2774,46
,50 Cent: Blood on the Sand,2771,59
,Tomb Raider Underworld,8022,83
,Dust: An Elysian Tail,8020,131
,Lost Planet 2,7964,146
,Street Fighter III: Online Edition,7935,293
,Brothers,2362,8
,Fable II Pub Games,2361,9
,Splatterhouse,2360,86
,Alone In The Dark,2330,12
,Dragon Ball Xenoverse,2761,188
,Afro Samurai,2757,39
,Saints Row: Gat Out of Hell,2741,17
,Brothers in Arms: Hell's Highway,2721,76
,Persona 4 Arena Ultimax,2717,92
,Tom Clancy's Splinter Cell Chaos Theory,7894,89
,Street Fighter X Tekken,7821,130
,Gotham City Impostors,7791,266
,Scott Pilgrim vs. The World,7763,169
,Resident Evil,7609,42
,Tom Clancy's EndWar,2317,74
,WWE All Stars,2312,93
,Tom Clancys H.A.W.X. 2,2295,38
,Hitman: Sniper Challenge,2270,13
,Call of Juarez: Bound in Blood,2268,14
,Unreal Tournament 3,2704,82
,Transformers: War for Cybertron,7563,167
,Transformers: Fall of Cybertron,7430,288
,F1 2013,2252,67
,WWE Smackdown vs. Raw 2011,2241,39
,James Bond 007: Blood Stone,2232,41
,Far Cry 2,9078,138
,World of Tanks: Xbox 360 Edition,2700,45
,The Sims 3 Pets,2690,101
,Syndicate,2679,53
,Wolfenstein,6059,46
,Diablo III: Reaper of Souls,7416,194
,Project Gotham Racing 4,7416,293
,Sniper: Ghost Warrior,2208,19
,From Dust,2208,32
,Battlefield Hardline,2205,45
,Lost Planet,9077,109
,Sonic Adventure,8998,136
,Lightning Returns FFXIII,8996,161
,WWE '13,2677,51
,Fight Night Round 3,2650,89
,Forza Horizon 2,5963,95
,The Walking Dead: Season Two,5933,34
,Sonic Unleashed,5912,340
,GoldenEye Reloaded,5881,87
,Prince of Persia,7375,90
,Tom Clancy's Ghost Recon Advanced Warfighter 2,7360,160
,F.E.A.R. 2,7172,53
,Fight Night Champion,7153,1197
,Dynasty Warriors: Gundam 3,2171,134
,Kane and Lynch: Dead Men,2167,17
,Puzzle Fighter HD,2150,61
,The Simpsons Game,8952,150
,Dead Rising 2: Off the Record,8901,34
,Marvel: Ultimate Alliance,8865,222
,Lord of the Rings: Battle for Middle-Earth II,5854,348
,Dead or Alive 4,5839,80
,Enslaved: Odyssey to the West,5805,119
,Dreamcast Collection,5781,40
,Medal of Honor,7059,161
,LEGO Indiana Jones 2: The Adventure Continues,6945,39
,Daytona USA,2140,95
,Naruto Shippuden: Ultimate Ninja Storm 3,8814,286
,Tomb Raider: Anniversary,8762,59
,Prototype 2,8668,79
,Mortal Kombat vs. DCU,8643,112
,Spec Ops: The Line,8535,136
,Duke Nukem Forever,5714,72
,The Lord of the Rings: War in the North,5685,144
,Ninja Gaiden 3: Razor's Edge,5573,117
,Homefront,5554,80
,Vanquish,8500,172
,F.E.A.R.,8388,122
,Castlevania: Lords of Shadow 2,8379,155
,Marvel: Ultimate Alliance 2,8377,184
,Need for Speed: The Run,5522,88
,Lara Croft: Guardian of Light,5458,24
,Dragon Ball: Raging Blast 2,5458,351
,Asura's Wrath,5453,170
,LEGO The Hobbit,5432,25
,Mortal Kombat Arcade,8274,158
,Terraria: Xbox 360 Edition,8233,213
,Sonic's Ultimate Genesis Collection,8111,289
,Resident Evil: Operation Raccoon City,8081,121
,Titanfall,5282,95
,skate.,5249,87
,Castlevania: Lords of Shadow,10624,144
,DMC HD Collection,10379,200
,LEGO Harry Potter: Years 5-7,10337,109
,LEGO Batman 2: DC Super Heroes,10332,109
,Super Street Fighter 2 Turbo HD,6867,130
,LEGO Lord of the Rings,10189,103
,Sonic Adventure 2,10154,363
,Forza Motorsport 2,10143,88
,Skate 2,9964,215
,Star Ocean: The Last Hope,6778,132
,Dragon Age: Inquisition,6778,66
,Ace Combat 6,6757,461
,Prototype,9818,60
,Tomb Raider: Legend,9760,72
,Lollipop Chainsaw,9753,179
,Borderlands: The Pre-Sequel,9729,67
,Castlevania HD,6743,349
,Defiance,6714,305
,The Darkness,6660,93
,Blur,6657,593
,Hitman: Blood Money,9693,86
,Aliens vs Predator,9462,390
,Army of Two: The 40th Day,9418,59
,The Sims 3,9318,508
,F.E.A.R. 3,6605,39
,Medal of Honor Warfighter,6553,248
,Eternal Sonata,6528,113
,Thief,9296,50
,LEGO Marvel Super Heroes,9266,145
,Trials Evolution,9195,242
,Brütal Legend,9132,155
,Naruto Shippuden: Ultimate Ninja Storm Revolution,6395,220
,Tom Clancy's Ghost Recon Advanced Warfighter,6328,55
,LEGO Batman 3: Beyond Gotham,6308,40
,Sonic The Hedgehog,6252,220
,Need for Speed: Undercover,6249,44
,Hitman HD Pack,6230,81
,Devil May Cry 4,6191,50
,The Darkness II,6091,45
,Silent Hill Homecoming,6089,61
,LEGO Star Wars III,13137,199
,Darksiders,13120,80
,Dead Island Riptide,12953,64
,DARK SOULS II,16312,173
,Soulcalibur V,12899,436
,Sonic Generations,12893,537
,Battlefield 1943,16292,287
,Dragon's Dogma: Dark Arisen,16269,799
,Ghost Recon: Future Soldier,15993,504
,Metal Gear Solid: Peace Walker HD Edition,15956,133
,Silent Hill: HD Collection,15956,238
,Bulletstorm,12613,136
,Burnout Revenge,12607,314
,Soulcalibur IV,12579,182
,Crysis,12554,55
,Destiny,15551,740
,Crysis 2,15444,111
,Forza Motorsport 3,15039,107
,Kingdoms of Amalur: Reckoning,14868,599
,Metal Gear Rising: Revengeance,14828,260
,Battlefield 4,12516,263
,Sniper Elite V2,11874,124
,Call of Duty Classic,11850,93
,Resident Evil CODE: Veronica X,11580,111
,Midnight Club: LA,14424,531
,Final Fantasy XIII-2,14394,134
,Saints Row,14321,388
,Tales of Vesperia,14311,793
,Need for Speed Hot Pursuit,11573,225
,Red Faction: Guerrilla,11282,143
,Dragon Ball Z: Budokai HD Collection,11011,394
,Army of Two The Devils Cartel,14266,130
,Ninja Gaiden 2,14235,605
,Army of Two,13630,94
,Need for Speed Carbon,10849,155
,LEGO Harry Potter: Years 1-4,10819,214
,Sleeping Dogs,13543,67
,Street Fighter IV,13440,288
,Resident Evil Revelations,10700,125
,Tom Clancy's Splinter Cell Double Agent,10640,77
,Crysis 3,25209,292
,Dead Space 2,36373,490
,Call of Duty: Ghosts,24917,421
,Dead Rising 2,24121,98
,Resident Evil 6,22763,236
,Dead Island,35673,212
,Halo 3: ODST,33194,256
,Mafia II,32114,495
,NCAA Football 14,22592,3613
,Civilization Revolution,22300,1673
,Dead Rising,22287,270
,Fable Anniversary,31205,738
,Hitman: Absolution,30662,258
,Forza Motorsport 4,30288,946
,Super Street Fighter IV Arcade Edition,21619,724
,Saints Row 2,21199,486
,Halo: Combat Evolved Anniversary,20299,141
,Crackdown 2,19389,119
,Metal Gear Solid 2 & 3: HD Edition,30243,609
,Crackdown,30045,214
,Assassins Creed IV: Black Flag,29912,296
,Resident Evil 4,29349,316
,Tom Clancy's Splinter Cell Conviction,19365,237
,Final Fantasy XIII,19197,441
,Assassins Creed Liberation HD,18696,78
,Resident Evil 5,29159,290
,Minecraft: Xbox 360 Edition,27384,879
,Max Payne 3,27353,453
,Ultimate Marvel vs. Capcom 3,18586,964
,Dante's Inferno,17960,414
,Call of Duty: Advanced Warfare,17830,306
,Tom Clancys Splinter Cell Blacklist,27180,689
,Fable Trilogy,26949,86
,Mortal Kombat,26879,415
,Darksiders II,17550,93
,Battlefield: Bad Company,16916,149
,Deadpool,16628,193
,Dragon Age 2,26334,307
,Need for Speed Most Wanted,26226,1153
,Tomb Raider,26042,145
